index,date,amount,merchant,description,receipt_url,final_status
12,2024-07-01,$140.00,CHARTMETRIC,,https://pub-35015e19c4b442b9af31f1dfd941f47f.r2.dev/receipts/chartmetric_2024-07-01_140_0.jpg,VERIFIED
14,2024-07-01,$189.50,LULUS LANDING INC,,https://pub-35015e19c4b442b9af31f1dfd941f47f.r2.dev/receipts/lulus_landing_inc_2024-07-01_189_5.jpg,VERIFIED
17,2024-07-02,$103.99,LYFT *RIDE TUE 4AM,,https://pub-35015e19c4b442b9af31f1dfd941f47f.r2.dev/receipts/lyft_ride_tue_4am_2024-07-02_103_99.jpg,VERIFIED
19,2024-07-02,$39.56,UBER TRIP,,https://pub-35015e19c4b442b9af31f1dfd941f47f.r2.dev/receipts/uber_trip_2024-07-02_39_56_3.jpg,VERIFIED
22,2024-07-05,$21.94,APPLE.COM/BILL,,https://pub-35015e19c4b442b9af31f1dfd941f47f.r2.dev/receipts/applecombill_2024-07-05_21_94_3.jpg,VERIFIED
25,2024-07-08,$10.00,CALENDARBRIDGE,,https://pub-35015e19c4b442b9af31f1dfd941f47f.r2.dev/receipts/calendarbridge_2024-07-08_10_0.jpg,VERIFIED
27,2024-07-10,$10.98,MIDJOURNEY INC.,,https://pub-35015e19c4b442b9af31f1dfd941f47f.r2.dev/receipts/midjourney_inc_2024-07-10_10_98_3.jpg,VERIFIED
31,2024-07-14,$168.87,TST* IL FORNO PIZZERIA,,https://pub-35015e19c4b442b9af31f1dfd941f47f.r2.dev/receipts/tst_il_forno_pizzeria_2024-07-14_168_87_3.jpg,VERIFIED
35,2024-07-17,$17.55,APPLE.COM/BILL,,https://pub-35015e19c4b442b9af31f1dfd941f47f.r2.dev/receipts/applecombill_2024-07-17_17_55_3.jpg,VERIFIED
37,2024-07-17,$94.22,DD *DOORDASH KALAMATAS,,https://pub-35015e19c4b442b9af31f1dfd941f47f.r2.dev/receipts/dd_doordash_kalamatas_2024-07-17_94_22.jpg,VERIFIED
39,2024-07-17,$11.32,METROPOLIS PARKING,,https://pub-35015e19c4b442b9af31f1dfd941f47f.r2.dev/receipts/metropolis_parking_2024-07-17_11_32_3.jpg,VERIFIED
40,2024-07-17,$4.49,METROPOLIS PARKING,,https://pub-35015e19c4b442b9af31f1dfd941f47f.r2.dev/receipts/metropolis_parking_2024-07-17_4_49_3.jpg,VERIFIED
41,2024-07-17,$7.55,METROPOLIS PARKING,,https://pub-35015e19c4b442b9af31f1dfd941f47f.r2.dev/receipts/metropolis_parking_2024-07-17_7_55.jpg,VERIFIED
48,2024-07-24,$21.95,CLAUDE.AI SUBSCRIPTION,,https://pub-35015e19c4b442b9af31f1dfd941f47f.r2.dev/receipts/claudeai_subscription_2024-07-24_21_95.jpg,VERIFIED
50,2024-07-25,$8.85,PARK HAPPY LLC,,https://pub-35015e19c4b442b9af31f1dfd941f47f.r2.dev/receipts/park_happy_llc_2024-07-25_8_85.jpg,VERIFIED
51,2024-07-25,$9.29,PMC - PAID PARKING,,https://pub-35015e19c4b442b9af31f1dfd941f47f.r2.dev/receipts/pmc_paid_parking_2024-07-25_9_29.jpg,VERIFIED
52,2024-07-25,$50.00,ROSTR PRO,,https://pub-35015e19c4b442b9af31f1dfd941f47f.r2.dev/receipts/rostr_pro_2024-07-25_50_0.jpeg,VERIFIED
53,2024-07-26,$19.99,IMDBPRO,,https://pub-35015e19c4b442b9af31f1dfd941f47f.r2.dev/receipts/imdbpro_2024-07-26_19_99.jpg,VERIFIED
54,2024-07-26,$8.85,PARK HAPPY LLC,,https://pub-35015e19c4b442b9af31f1dfd941f47f.r2.dev/receipts/park_happy_llc_2024-07-26_8_85.jpg,VERIFIED
55,2024-07-26,$9.05,SH NASHVILLE - OTHER,,https://pub-35015e19c4b442b9af31f1dfd941f47f.r2.dev/receipts/sh_nashville_other_2024-07-26_9_05.jpg,VERIFIED
56,2024-07-27,$40.33,APPLE.COM/BILL,,https://pub-35015e19c4b442b9af31f1dfd941f47f.r2.dev/receipts/applecombill_2024-07-27_40_33.jpg,VERIFIED
57,2024-07-28,$11.00,CARTA NORTH GARAGE,,https://pub-35015e19c4b442b9af31f1dfd941f47f.r2.dev/receipts/carta_north_garage_2024-07-28_11_00.jpg,VERIFIED
58,2024-07-29,$8.00,PARKING MANAGEMENT CO.,,https://pub-35015e19c4b442b9af31f1dfd941f47f.r2.dev/receipts/parking_management_co_2024-07-29_8_0.jpg,VERIFIED
59,2024-07-30,$15.99,METROPOLIS PARKING,,https://pub-35015e19c4b442b9af31f1dfd941f47f.r2.dev/receipts/metropolis_parking_2024-07-30_15_99_3.jpg,VERIFIED
60,2024-07-30,$24.91,SH NASHVILLE - OTHER,,https://pub-35015e19c4b442b9af31f1dfd941f47f.r2.dev/receipts/sh_nashville_other_2024-07-30_24_91.jpg,VERIFIED
61,2024-07-31,$23.14,APPLE.COM/BILL,,https://pub-35015e19c4b442b9af31f1dfd941f47f.r2.dev/receipts/applecombill_2024-07-31_23_14_3.png,VERIFIED
62,2024-08-01,$19.76,EXPENSIFY INC.,,https://pub-35015e19c4b442b9af31f1dfd941f47f.r2.dev/receipts/expensify_inc_2024-08-01_19_76_3.jpg,VERIFIED
63,2024-08-01,$15.99,METROPOLIS PARKING,,https://pub-35015e19c4b442b9af31f1dfd941f47f.r2.dev/receipts/metropolis_parking_2024-08-01_15_99_3.jpg,VERIFIED
64,2024-08-01,$22.28,SH NASHVILLE F&AMP;B,,https://pub-35015e19c4b442b9af31f1dfd941f47f.r2.dev/receipts/sh_nashville_fampb_2024-08-01_22_28.jpg,VERIFIED
66,2024-08-02,$39.52,TST*NADEENS HERMITAGE HA,,https://pub-35015e19c4b442b9af31f1dfd941f47f.r2.dev/receipts/tstnadeens_hermitage_ha_2024-08-02_39_52.jpg,VERIFIED
68,2024-08-03,$251.33,APPLE.COM/BILL,,https://pub-35015e19c4b442b9af31f1dfd941f47f.r2.dev/receipts/applecombill_2024-08-03_251_33_3.jpg,VERIFIED
70,2024-08-05,$21.00,METROPOLIS PARKING,,https://pub-35015e19c4b442b9af31f1dfd941f47f.r2.dev/receipts/metropolis_parking_2024-08-05_21_0.jpg,VERIFIED
71,2024-08-05,$9.05,SH NASHVILLE - OTHER,,https://pub-35015e19c4b442b9af31f1dfd941f47f.r2.dev/receipts/sh_nashville_other_2024-08-05_9_05.png,VERIFIED
72,2024-08-05,$38.78,SH NASHVILLE - OTHER,,https://pub-35015e19c4b442b9af31f1dfd941f47f.r2.dev/receipts/sh_nashville_other_2024-08-05_38_78.jpg,VERIFIED
73,2024-08-05,$58.16,SH NASHVILLE - OTHER,,https://pub-35015e19c4b442b9af31f1dfd941f47f.r2.dev/receipts/sh_nashville_other_2024-08-05_58_16.jpg,VERIFIED
74,2024-08-05,$53.98,SH NASHVILLE F&AMP;B,,https://pub-35015e19c4b442b9af31f1dfd941f47f.r2.dev/receipts/sh_nashville_fampb_2024-08-05_53_98.jpg,VERIFIED
78,2024-08-08,$10.00,CALENDARBRIDGE,,https://pub-35015e19c4b442b9af31f1dfd941f47f.r2.dev/receipts/calendarbridge_2024-08-08_10_0.jpg,VERIFIED
79,2024-08-08,$38.03,PMC - PAID PARKING,,https://pub-35015e19c4b442b9af31f1dfd941f47f.r2.dev/receipts/pmc_paid_parking_2024-08-08_38_03_3.jpg,VERIFIED
80,2024-08-08,$13.13,SPOTIFY USA,,https://pub-35015e19c4b442b9af31f1dfd941f47f.r2.dev/receipts/spotify_usa_2024-08-08_13_13_3.jpg,VERIFIED
81,2024-08-09,$163.77,TST*GREEN HILLS GRILLE,,https://pub-35015e19c4b442b9af31f1dfd941f47f.r2.dev/receipts/tstgreen_hills_grille_2024-08-09_163_77_3.png,VERIFIED
82,2024-08-10,$17.52,APPLE.COM/BILL,,https://pub-35015e19c4b442b9af31f1dfd941f47f.r2.dev/receipts/applecombill_2024-08-10_17_52.jpg,VERIFIED
83,2024-08-10,$119.34,DD *DOORDASH EDLEYSBAR,,https://pub-35015e19c4b442b9af31f1dfd941f47f.r2.dev/receipts/dd_doordash_edleysbar_2024-08-10_119_34_3.jpg,VERIFIED
84,2024-08-10,$94.10,DD *DOORDASH JIMNNICKS,,https://pub-35015e19c4b442b9af31f1dfd941f47f.r2.dev/receipts/dd_doordash_jimnnicks_2024-08-10_94_1.jpg,VERIFIED
85,2024-08-10,$10.98,MIDJOURNEY INC.,,https://pub-35015e19c4b442b9af31f1dfd941f47f.r2.dev/receipts/midjourney_inc_2024-08-10_10_98_3.jpg,VERIFIED
86,2024-08-11,$17.55,APPLE.COM/BILL,,https://pub-35015e19c4b442b9af31f1dfd941f47f.r2.dev/receipts/applecombill_2024-08-11_17_55_3.jpg,VERIFIED
87,2024-08-11,$288.00,SUNO INC.,,https://pub-35015e19c4b442b9af31f1dfd941f47f.r2.dev/receipts/suno_inc_2024-08-11_288_0.jpg,VERIFIED
92,2024-08-14,$5.00,CLOUDFLARE,,https://pub-35015e19c4b442b9af31f1dfd941f47f.r2.dev/receipts/cloudflare_2024-08-14_5_0.jpg,VERIFIED
95,2024-08-14,$8.85,PARK HAPPY LLC,,https://pub-35015e19c4b442b9af31f1dfd941f47f.r2.dev/receipts/park_happy_llc_2024-08-14_8_85.jpg,VERIFIED
98,2024-08-15,$76.81,APPLE.COM/BILL,,https://pub-35015e19c4b442b9af31f1dfd941f47f.r2.dev/receipts/applecombill_2024-08-15_76_81_3.jpg,VERIFIED
99,2024-08-15,$8.85,PARK HAPPY LLC,,https://pub-35015e19c4b442b9af31f1dfd941f47f.r2.dev/receipts/park_happy_llc_2024-08-15_8_85.jpg,VERIFIED
100,2024-08-15,$74.97,SH NASHVILLE - OTHER,,https://pub-35015e19c4b442b9af31f1dfd941f47f.r2.dev/receipts/sh_nashville_other_2024-08-15_74_97.jpg,VERIFIED
104,2024-08-17,$42.00,METROPOLIS PARKING,,https://pub-35015e19c4b442b9af31f1dfd941f47f.r2.dev/receipts/metropolis_parking_2024-08-17_42_0.jpg,VERIFIED
106,2024-08-18,$31.50,METROPOLIS PARKING,,https://pub-35015e19c4b442b9af31f1dfd941f47f.r2.dev/receipts/metropolis_parking_2024-08-18_31_5.jpg,VERIFIED
107,2024-08-18,$78.00,TST*LOSERS - DOWNTOWN,,https://pub-35015e19c4b442b9af31f1dfd941f47f.r2.dev/receipts/tstlosers_downtown_2024-08-18_78_0.jpg,VERIFIED
109,2024-08-19,$51.70,SH NASHVILLE - OTHER,,https://pub-35015e19c4b442b9af31f1dfd941f47f.r2.dev/receipts/sh_nashville_other_2024-08-19_51_7.jpg,VERIFIED
110,2024-08-19,$47.82,SH NASHVILLE - OTHER,,https://pub-35015e19c4b442b9af31f1dfd941f47f.r2.dev/receipts/sh_nashville_other_2024-08-19_47_82.jpg,VERIFIED
111,2024-08-19,$31.02,SH NASHVILLE - OTHER,,https://pub-35015e19c4b442b9af31f1dfd941f47f.r2.dev/receipts/sh_nashville_other_2024-08-19_31_02.PNG,VERIFIED
113,2024-08-20,$10.26,PARK HAPPY LLC,,https://pub-35015e19c4b442b9af31f1dfd941f47f.r2.dev/receipts/park_happy_llc_2024-08-20_10_26.jpg,VERIFIED
114,2024-08-20,$23.21,PMC - PAID PARKING,,https://pub-35015e19c4b442b9af31f1dfd941f47f.r2.dev/receipts/pmc_paid_parking_2024-08-20_23_21_3.jpg,VERIFIED
115,2024-08-20,$28.39,TST*PANCHO AND LEFTYS CA,,https://pub-35015e19c4b442b9af31f1dfd941f47f.r2.dev/receipts/tstpancho_and_leftys_ca_2024-08-20_28_39_3.jpg,VERIFIED
117,2024-08-21,$38.03,PMC - PAID PARKING,,https://pub-35015e19c4b442b9af31f1dfd941f47f.r2.dev/receipts/pmc_paid_parking_2024-08-21_38_03_3.jpg,VERIFIED
120,2024-08-22,$174.56,LINKEDIN JOB 9849229796,,https://pub-35015e19c4b442b9af31f1dfd941f47f.r2.dev/receipts/linkedin_job_9849229796_2024-08-22_174_56.jpg,VERIFIED
122,2024-08-22,$29.28,PMC - PAID PARKING,,https://pub-35015e19c4b442b9af31f1dfd941f47f.r2.dev/receipts/pmc_paid_parking_2024-08-22_29_28_3.jpg,VERIFIED
125,2024-08-23,$10.99,METROPOLIS PARKING,,https://pub-35015e19c4b442b9af31f1dfd941f47f.r2.dev/receipts/metropolis_parking_2024-08-23_10_99_3.jpg,VERIFIED
129,2024-08-23,$9.05,SH NASHVILLE - OTHER,,https://pub-35015e19c4b442b9af31f1dfd941f47f.r2.dev/receipts/sh_nashville_other_2024-08-23_9_05.png,VERIFIED
134,2024-08-24,$21.95,CLAUDE.AI SUBSCRIPTION,,https://pub-35015e19c4b442b9af31f1dfd941f47f.r2.dev/receipts/claudeai_subscription_2024-08-24_21_95.jpg,VERIFIED
136,2024-08-25,$50.00,ROSTR PRO,,https://pub-35015e19c4b442b9af31f1dfd941f47f.r2.dev/receipts/rostr_pro_2024-08-25_50_0.jpg,VERIFIED
138,2024-08-26,$19.99,IMDBPRO,,https://pub-35015e19c4b442b9af31f1dfd941f47f.r2.dev/receipts/imdbpro_2024-08-26_19_99.jpg,VERIFIED
139,2024-08-26,$23.21,PMC - PAID PARKING,,https://pub-35015e19c4b442b9af31f1dfd941f47f.r2.dev/receipts/pmc_paid_parking_2024-08-26_23_21_3.jpg,VERIFIED
140,2024-08-26,$24.91,SH NASHVILLE F&AMP;B,,https://pub-35015e19c4b442b9af31f1dfd941f47f.r2.dev/receipts/sh_nashville_fampb_2024-08-26_24_91.jpg,VERIFIED
141,2024-08-27,$40.33,APPLE.COM/BILL,,https://pub-35015e19c4b442b9af31f1dfd941f47f.r2.dev/receipts/applecombill_2024-08-27_40_33.jpg,VERIFIED
143,2024-08-27,$418.98,SOUTHWES 5262554636372,,https://pub-35015e19c4b442b9af31f1dfd941f47f.r2.dev/receipts/southwes_5262554636372_2024-08-27_418_98.jpg,VERIFIED
152,2024-08-28,$18.10,SH NASHVILLE - OTHER,,https://pub-35015e19c4b442b9af31f1dfd941f47f.r2.dev/receipts/sh_nashville_other_2024-08-28_18_1.jpg,VERIFIED
155,2024-08-29,$9.29,PMC - PAID PARKING,,https://pub-35015e19c4b442b9af31f1dfd941f47f.r2.dev/receipts/pmc_paid_parking_2024-08-29_9_29.jpg,VERIFIED
156,2024-08-30,$84.47,CHUY'S 110,,https://pub-35015e19c4b442b9af31f1dfd941f47f.r2.dev/receipts/chuys_110_2024-08-30_84_47.jpg,VERIFIED
157,2024-08-30,$16.99,METROPOLIS PARKING,,https://pub-35015e19c4b442b9af31f1dfd941f47f.r2.dev/receipts/metropolis_parking_2024-08-30_16_99.jpg,VERIFIED
158,2024-08-30,$32.93,MIDJOURNEY INC.,,https://pub-35015e19c4b442b9af31f1dfd941f47f.r2.dev/receipts/midjourney_inc_2024-08-30_32_93.jpg,VERIFIED
160,2024-09-01,$19.76,EXPENSIFY INC.,,https://pub-35015e19c4b442b9af31f1dfd941f47f.r2.dev/receipts/expensify_inc_2024-09-01_19_76_3.jpeg,VERIFIED
163,2024-09-03,$17.88,METROPOLIS PARKING,,https://pub-35015e19c4b442b9af31f1dfd941f47f.r2.dev/receipts/metropolis_parking_2024-09-03_17_88.jpg,VERIFIED
164,2024-09-03,$24.17,SQ *HIGH POINT COFFEE TN,,https://pub-35015e19c4b442b9af31f1dfd941f47f.r2.dev/receipts/sq_high_point_coffee_tn_2024-09-03_24_17.png,VERIFIED
169,2024-09-04,$5.46,SQ *WELL COFFEEHOUSE BREN,,https://pub-35015e19c4b442b9af31f1dfd941f47f.r2.dev/receipts/sq_well_coffeehouse_bren_2024-09-04_5_46_3.jpg,VERIFIED
170,2024-09-05,$21.00,METROPOLIS PARKING,,https://pub-35015e19c4b442b9af31f1dfd941f47f.r2.dev/receipts/metropolis_parking_2024-09-05_21_0.jpg,VERIFIED
171,2024-09-05,$10.99,METROPOLIS PARKING,,https://pub-35015e19c4b442b9af31f1dfd941f47f.r2.dev/receipts/metropolis_parking_2024-09-05_10_99.jpg,VERIFIED
172,2024-09-05,$100.82,SH NASHVILLE - OTHER,,https://pub-35015e19c4b442b9af31f1dfd941f47f.r2.dev/receipts/sh_nashville_other_2024-09-05_100_82.jpg,VERIFIED
174,2024-09-06,$10.96,APPLE.COM/BILL,,https://pub-35015e19c4b442b9af31f1dfd941f47f.r2.dev/receipts/applecombill_2024-09-06_10_96_3.jpg,VERIFIED
177,2024-09-06,$40.07,SH NASHVILLE - OTHER,,https://pub-35015e19c4b442b9af31f1dfd941f47f.r2.dev/receipts/sh_nashville_other_2024-09-06_40_07.jpg,VERIFIED
178,2024-09-06,$24.56,SH NASHVILLE - OTHER,,https://pub-35015e19c4b442b9af31f1dfd941f47f.r2.dev/receipts/sh_nashville_other_2024-09-06_24_56.jpg,VERIFIED
181,2024-09-07,$100.57,GOLDEN NUGGET HOTEL LV,,https://pub-35015e19c4b442b9af31f1dfd941f47f.r2.dev/receipts/golden_nugget_hotel_lv_2024-09-07_100_57.jpg,VERIFIED
186,2024-09-08,$10.00,CALENDARBRIDGE,,https://pub-35015e19c4b442b9af31f1dfd941f47f.r2.dev/receipts/calendarbridge_2024-09-08_10_0.jpg,VERIFIED
191,2024-09-09,$93.26,APPLE.COM/BILL,,https://pub-35015e19c4b442b9af31f1dfd941f47f.r2.dev/receipts/applecombill_2024-09-09_93_26_3.jpg,VERIFIED
192,2024-09-09,$7.55,METROPOLIS PARKING,,https://pub-35015e19c4b442b9af31f1dfd941f47f.r2.dev/receipts/metropolis_parking_2024-09-09_7_55.jpg,VERIFIED
199,2024-09-10,$69.90,DEL FRISCOS GRILL NASHVL,,https://pub-35015e19c4b442b9af31f1dfd941f47f.r2.dev/receipts/missing_receipt_downhome_09-10-2024_697d5c71.jpg,VERIFIED
201,2024-09-11,$86.62,CADILLAC BAR LAS VEGAS,,https://pub-35015e19c4b442b9af31f1dfd941f47f.r2.dev/receipts/cadillac_bar_las_vegas_2024-09-11_86_62_3.jpg,VERIFIED
206,2024-09-11,$20.66,TST* PYRAMIDS CAFE - AIRP,,https://pub-35015e19c4b442b9af31f1dfd941f47f.r2.dev/receipts/tst_pyramids_cafe_airp_2024-09-11_20_66_3.jpg,VERIFIED
207,2024-09-11,$44.78,UBER *TRIP,,https://pub-35015e19c4b442b9af31f1dfd941f47f.r2.dev/receipts/uber_trip_2024-09-11_44_78_3.jpg,VERIFIED
209,2024-09-12,$26.92,UBER *TRIP,,https://pub-35015e19c4b442b9af31f1dfd941f47f.r2.dev/receipts/uber_trip_2024-09-12_26_92_3.jpg,VERIFIED
210,2024-09-12,$55.53,UBER *TRIP,,https://pub-35015e19c4b442b9af31f1dfd941f47f.r2.dev/receipts/uber_trip_2024-09-12_55_53_3.jpg,VERIFIED
215,2024-09-15,$76.81,APPLE.COM/BILL,,https://pub-35015e19c4b442b9af31f1dfd941f47f.r2.dev/receipts/applecombill_2024-09-15_76_81_3.jpg,VERIFIED
216,2024-09-15,$77.89,APPLE.COM/BILL,,https://pub-35015e19c4b442b9af31f1dfd941f47f.r2.dev/receipts/applecombill_2024-09-15_77_89_3.jpg,VERIFIED
219,2024-09-16,$17.88,METROPOLIS PARKING,,https://pub-35015e19c4b442b9af31f1dfd941f47f.r2.dev/receipts/metropolis_parking_2024-09-16_17_88.jpg,VERIFIED
220,2024-09-16,$38.24,PARKINGMANAGEMENTCOMPANY,,https://pub-35015e19c4b442b9af31f1dfd941f47f.r2.dev/receipts/parkingmanagementcompany_2024-09-16_38_24_3.jpg,VERIFIED
223,2024-09-16,$40.07,SH NASHVILLE - OTHER,,https://pub-35015e19c4b442b9af31f1dfd941f47f.r2.dev/receipts/sh_nashville_other_2024-09-16_40_07.jpg,VERIFIED
224,2024-09-16,$144.06,TST*MARTINS BAR-B-QUE JO,,https://pub-35015e19c4b442b9af31f1dfd941f47f.r2.dev/receipts/tstmartins_bar_b_que_jo_2024-09-16_144_06.jpg,VERIFIED
226,2024-09-17,$38.79,UBER *TRIP,,https://pub-35015e19c4b442b9af31f1dfd941f47f.r2.dev/receipts/uber_trip_2024-09-17_38_79.jpg,VERIFIED
229,2024-09-18,$71.09,SH NASHVILLE - OTHER,,https://pub-35015e19c4b442b9af31f1dfd941f47f.r2.dev/receipts/sh_nashville_other_2024-09-18_71_09.jpg,VERIFIED
232,2024-09-19,$11.63,SH NASHVILLE - OTHER,,https://pub-35015e19c4b442b9af31f1dfd941f47f.r2.dev/receipts/sh_nashville_other_2024-09-19_11_63.jpg,VERIFIED
233,2024-09-19,$38.78,SH NASHVILLE - OTHER,,https://pub-35015e19c4b442b9af31f1dfd941f47f.r2.dev/receipts/sh_nashville_other_2024-09-19_38_78.jpg,VERIFIED
240,2024-09-24,$689.59,SH NASHVILLE - OTHER,,https://pub-35015e19c4b442b9af31f1dfd941f47f.r2.dev/receipts/sh_nashville_other_2024-09-24_689_59.jpg,VERIFIED
244,2024-09-25,$224.64,SH NASHVILLE - OTHER,,https://pub-35015e19c4b442b9af31f1dfd941f47f.r2.dev/receipts/sh_nashville_other_2024-09-25_224_64.jpg,VERIFIED
246,2024-09-26,$19.99,IMDBPRO,,https://pub-35015e19c4b442b9af31f1dfd941f47f.r2.dev/receipts/imdbpro_2024-09-26_19_99.jpg,VERIFIED
247,2024-09-26,$8.85,PARK HAPPY LLC,,https://pub-35015e19c4b442b9af31f1dfd941f47f.r2.dev/receipts/park_happy_llc_2024-09-26_8_85.jpg,VERIFIED
248,2024-09-26,$14.22,SH NASHVILLE - OTHER,,https://pub-35015e19c4b442b9af31f1dfd941f47f.r2.dev/receipts/sh_nashville_other_2024-09-26_14_22.jpg,VERIFIED
249,2024-09-28,$40.33,APPLE.COM/BILL,,https://pub-35015e19c4b442b9af31f1dfd941f47f.r2.dev/receipts/applecombill_2024-09-28_40_33.jpg,VERIFIED
251,2024-09-30,$32.93,MIDJOURNEY INC.,,https://pub-35015e19c4b442b9af31f1dfd941f47f.r2.dev/receipts/midjourney_inc_2024-09-30_32_93.jpg,VERIFIED
252,2024-10-01,$19.76,EXPENSIFY INC.,,https://pub-35015e19c4b442b9af31f1dfd941f47f.r2.dev/receipts/expensify_inc_2024-10-01_19_76_3.jpg,VERIFIED
254,2024-10-01,$10.49,TST*BONGO JAVA BELMONT,,https://pub-35015e19c4b442b9af31f1dfd941f47f.r2.dev/receipts/tstbongo_java_belmont_2024-10-01_10_49_3.jpg,VERIFIED
255,2024-10-02,$10.00,IM-ADA.AI,,https://pub-35015e19c4b442b9af31f1dfd941f47f.r2.dev/receipts/im_adaai_2024-10-02_10_0.jpg,VERIFIED
258,2024-10-03,$106.85,TST* SMOKIN THIGHS LLC,,https://pub-35015e19c4b442b9af31f1dfd941f47f.r2.dev/receipts/tst_smokin_thighs_llc_2024-10-03_106_85.jpg,VERIFIED
263,2024-10-04,$21.00,METROPOLIS PARKING,,https://pub-35015e19c4b442b9af31f1dfd941f47f.r2.dev/receipts/metropolis_parking_2024-10-04_21_0.jpg,VERIFIED
266,2024-10-07,$52.99,SH NASHVILLE - OTHER,,https://pub-35015e19c4b442b9af31f1dfd941f47f.r2.dev/receipts/sh_nashville_other_2024-10-07_52_99.jpg,VERIFIED
267,2024-10-07,$29.73,SH NASHVILLE - OTHER,,https://pub-35015e19c4b442b9af31f1dfd941f47f.r2.dev/receipts/sh_nashville_other_2024-10-07_29_73.jpg,VERIFIED
268,2024-10-08,$10.00,CALENDARBRIDGE,,https://pub-35015e19c4b442b9af31f1dfd941f47f.r2.dev/receipts/calendarbridge_2024-10-08_10_0.jpg,VERIFIED
271,2024-10-08,$26.25,METROPOLIS PARKING,,https://pub-35015e19c4b442b9af31f1dfd941f47f.r2.dev/receipts/metropolis_parking_2024-10-08_26_25_3.jpg,VERIFIED
273,2024-10-09,$30.05,PMC - PAID PARKING,,https://pub-35015e19c4b442b9af31f1dfd941f47f.r2.dev/receipts/pmc_paid_parking_2024-10-09_30_05.png,VERIFIED
277,2024-10-11,$23.27,SH NASHVILLE - OTHER,,https://pub-35015e19c4b442b9af31f1dfd941f47f.r2.dev/receipts/sh_nashville_other_2024-10-11_23_27.PNG,VERIFIED
281,2024-10-13,$9.00,SOURCEGRAPH INC,,https://pub-35015e19c4b442b9af31f1dfd941f47f.r2.dev/receipts/sourcegraph_inc_2024-10-13_9_0.jpg,VERIFIED
282,2024-10-14,$5.00,CLOUDFLARE,,https://pub-35015e19c4b442b9af31f1dfd941f47f.r2.dev/receipts/cloudflare_2024-10-14_5_0.jpg,VERIFIED
284,2024-10-16,$1450.00,ACADEMY OF COUNTRY MUS,,https://pub-35015e19c4b442b9af31f1dfd941f47f.r2.dev/receipts/academy_of_country_mus_2024-10-16_1450_0.jpg,VERIFIED
289,2024-10-16,$37.48,SH NASHVILLE - OTHER,,https://pub-35015e19c4b442b9af31f1dfd941f47f.r2.dev/receipts/sh_nashville_other_2024-10-16_37_48.jpg,VERIFIED
290,2024-10-16,$29.73,SH NASHVILLE - OTHER,,https://pub-35015e19c4b442b9af31f1dfd941f47f.r2.dev/receipts/sh_nashville_other_2024-10-16_29_73.jpg,VERIFIED
291,2024-10-16,$84.35,SH NASHVILLE F&AMP;B,,https://pub-35015e19c4b442b9af31f1dfd941f47f.r2.dev/receipts/sh_nashville_fampb_2024-10-16_84_35.jpg,VERIFIED
292,2024-10-18,$160.00,CHARTMETRIC,,https://pub-35015e19c4b442b9af31f1dfd941f47f.r2.dev/receipts/chartmetric_2024-10-18_160_0.jpg,VERIFIED
294,2024-10-22,$144.00,RUNWAY STANDARD PLAN,,https://pub-35015e19c4b442b9af31f1dfd941f47f.r2.dev/receipts/runway_standard_plan_2024-10-22_144_0.jpg,VERIFIED
295,2024-10-23,$6.73,201 BELCOURT LOT,,https://pub-35015e19c4b442b9af31f1dfd941f47f.r2.dev/receipts/201_belcourt_lot_2024-10-23_6_73.jpg,VERIFIED
297,2024-10-23,$34.75,TST*FIDO BONGO JAVA,,https://pub-35015e19c4b442b9af31f1dfd941f47f.r2.dev/receipts/tstfido_bongo_java_2024-10-23_34_75_3.jpg,VERIFIED
298,2024-10-24,$21.95,CLAUDE.AI SUBSCRIPTION,,https://pub-35015e19c4b442b9af31f1dfd941f47f.r2.dev/receipts/claudeai_subscription_2024-10-24_21_95.jpg,VERIFIED
299,2024-10-25,$27.00,BONHOMME PLACE GARAGE,,https://pub-35015e19c4b442b9af31f1dfd941f47f.r2.dev/receipts/bonhomme_place_garage_2024-10-25_27_0.png,VERIFIED
301,2024-10-26,$19.99,IMDBPRO,,https://pub-35015e19c4b442b9af31f1dfd941f47f.r2.dev/receipts/imdbpro_2024-10-26_19_99.jpg,VERIFIED
302,2024-10-26,$427.56,LE MERIDIEN ST. LOUIS,,https://pub-35015e19c4b442b9af31f1dfd941f47f.r2.dev/receipts/le_meridien_st_louis_2024-10-26_427_56_3.jpg,VERIFIED
303,2024-10-26,$49.71,UBER *TRIP,,https://pub-35015e19c4b442b9af31f1dfd941f47f.r2.dev/receipts/uber_trip_2024-10-26_49_71_3.jpg,VERIFIED
305,2024-10-28,$60.00,JJK FOUNDATION,,https://pub-35015e19c4b442b9af31f1dfd941f47f.r2.dev/receipts/jjk_foundation_2024-10-28_60_0.jpg,VERIFIED
307,2024-10-30,$49.24,DD *DOORDASH TACOBAMBA,,https://pub-35015e19c4b442b9af31f1dfd941f47f.r2.dev/receipts/dd_doordash_tacobamba_2024-10-30_49_24_3.jpg,VERIFIED
309,2024-10-31,$67.97,DD *DOORDASH KALAMATAS,,https://pub-35015e19c4b442b9af31f1dfd941f47f.r2.dev/receipts/dd_doordash_kalamatas_2024-10-31_67_97.jpg,VERIFIED
310,2024-11-01,$19.76,EXPENSIFY INC.,,https://pub-35015e19c4b442b9af31f1dfd941f47f.r2.dev/receipts/expensify_inc_2024-11-01_19_76_3.jpg,VERIFIED
311,2024-11-01,$25.00,IM-ADA.AI,,https://pub-35015e19c4b442b9af31f1dfd941f47f.r2.dev/receipts/im_adaai_2024-11-01_25_0.jpg,VERIFIED
312,2024-11-01,$21.00,METROPOLIS PARKING,,https://pub-35015e19c4b442b9af31f1dfd941f47f.r2.dev/receipts/metropolis_parking_2024-11-01_21_0.jpg,VERIFIED
313,2024-11-01,$52.68,NOTION LABS INC.,,https://pub-35015e19c4b442b9af31f1dfd941f47f.r2.dev/receipts/notion_labs_inc_2024-11-01_52_68.jpg,VERIFIED
314,2024-11-01,$23.27,SH NASHVILLE - OTHER,,https://pub-35015e19c4b442b9af31f1dfd941f47f.r2.dev/receipts/sh_nashville_other_2024-11-01_23_27.jpg,VERIFIED
315,2024-11-03,$25.00,IM-ADA.AI,,https://pub-35015e19c4b442b9af31f1dfd941f47f.r2.dev/receipts/im_adaai_2024-11-03_25_0.jpg,VERIFIED
316,2024-11-04,$39.87,CORNER PUB,,https://pub-35015e19c4b442b9af31f1dfd941f47f.r2.dev/receipts/corner_pub_2024-11-04_39_87.jpg,VERIFIED
318,2024-11-06,$23.21,PMC - PAID PARKING,,https://pub-35015e19c4b442b9af31f1dfd941f47f.r2.dev/receipts/pmc_paid_parking_2024-11-06_23_21_3.jpg,VERIFIED
321,2024-11-07,$26.25,METROPOLIS PARKING,,https://pub-35015e19c4b442b9af31f1dfd941f47f.r2.dev/receipts/metropolis_parking_2024-11-07_26_25_3.jpg,VERIFIED
322,2024-11-07,$20.64,SQ *CANNERY HALL,,https://pub-35015e19c4b442b9af31f1dfd941f47f.r2.dev/receipts/sq_cannery_hall_2024-11-07_20_64_3.jpg,VERIFIED
323,2024-11-07,$12.46,SQ *DISTRICT COFFEE,,https://pub-35015e19c4b442b9af31f1dfd941f47f.r2.dev/receipts/sq_district_coffee_2024-11-07_12_46_3.jpg,VERIFIED
325,2024-11-08,$25.57,DD *DOORDASH LASPALMAS,,https://pub-35015e19c4b442b9af31f1dfd941f47f.r2.dev/receipts/dd_doordash_laspalmas_2024-11-08_25_57.png,VERIFIED
328,2024-11-08,$13.13,SPOTIFY USA,,https://pub-35015e19c4b442b9af31f1dfd941f47f.r2.dev/receipts/spotify_usa_2024-11-08_13_13_3.jpg,VERIFIED
330,2024-11-12,$176.99,SH NASHVILLE - OTHER,,https://pub-35015e19c4b442b9af31f1dfd941f47f.r2.dev/receipts/sh_nashville_other_2024-11-12_176_99.jpg,VERIFIED
332,2024-11-13,$1043.66,GIVERGY: CHARITY EVENT,,https://pub-35015e19c4b442b9af31f1dfd941f47f.r2.dev/receipts/givergy_charity_event_2024-11-13_1043_66_3.jpg,VERIFIED
333,2024-11-13,$15.99,METROPOLIS PARKING,,https://pub-35015e19c4b442b9af31f1dfd941f47f.r2.dev/receipts/metropolis_parking_2024-11-13_15_99_3.jpg,VERIFIED
334,2024-11-13,$9.00,SOURCEGRAPH INC,,https://pub-35015e19c4b442b9af31f1dfd941f47f.r2.dev/receipts/sourcegraph_inc_2024-11-13_9_0.jpg,VERIFIED
335,2024-11-13,$42.01,SQ *THE PERCH,,https://pub-35015e19c4b442b9af31f1dfd941f47f.r2.dev/receipts/sq_the_perch_2024-11-13_42_01.jpg,VERIFIED
337,2024-11-14,$27.44,ANTHROPIC,,https://pub-35015e19c4b442b9af31f1dfd941f47f.r2.dev/receipts/anthropic_2024-11-14_27_44.jpg,VERIFIED
338,2024-11-14,$5.00,CLOUDFLARE,,https://pub-35015e19c4b442b9af31f1dfd941f47f.r2.dev/receipts/cloudflare_2024-11-14_5_0.jpg,VERIFIED
339,2024-11-14,$15.99,METROPOLIS PARKING,,https://pub-35015e19c4b442b9af31f1dfd941f47f.r2.dev/receipts/metropolis_parking_2024-11-14_15_99_3.jpg,VERIFIED
340,2024-11-14,$7.76,SH NASHVILLE - OTHER,,https://pub-35015e19c4b442b9af31f1dfd941f47f.r2.dev/receipts/sh_nashville_other_2024-11-14_7_76.jpg,VERIFIED
342,2024-11-15,$15.99,METROPOLIS PARKING,,https://pub-35015e19c4b442b9af31f1dfd941f47f.r2.dev/receipts/metropolis_parking_2024-11-15_15_99_3.jpg,VERIFIED
344,2024-11-15,$16.80,SH NASHVILLE - OTHER,,https://pub-35015e19c4b442b9af31f1dfd941f47f.r2.dev/receipts/sh_nashville_other_2024-11-15_16_8.jpg,VERIFIED
346,2024-11-16,$26.25,METROPOLIS PARKING,,https://pub-35015e19c4b442b9af31f1dfd941f47f.r2.dev/receipts/metropolis_parking_2024-11-16_26_25_3.jpg,VERIFIED
348,2024-11-18,$160.00,CHARTMETRIC,,https://pub-35015e19c4b442b9af31f1dfd941f47f.r2.dev/receipts/chartmetric_2024-11-18_160_0.jpg,VERIFIED
349,2024-11-19,$30.69,MARSH HOUSE,,https://pub-35015e19c4b442b9af31f1dfd941f47f.r2.dev/receipts/marsh_house_2024-11-19_30_69.jpg,VERIFIED
352,2024-11-21,$26.25,METROPOLIS PARKING,,https://pub-35015e19c4b442b9af31f1dfd941f47f.r2.dev/receipts/metropolis_parking_2024-11-21_26_25_3.jpg,VERIFIED
354,2024-11-22,$34.90,SH NASHVILLE - OTHER,,https://pub-35015e19c4b442b9af31f1dfd941f47f.r2.dev/receipts/sh_nashville_other_2024-11-22_34_9.jpg,VERIFIED
355,2024-11-22,$59.46,SH NASHVILLE - OTHER,,https://pub-35015e19c4b442b9af31f1dfd941f47f.r2.dev/receipts/sh_nashville_other_2024-11-22_59_46.png,VERIFIED
356,2024-11-22,$15.51,SH NASHVILLE - OTHER,,https://pub-35015e19c4b442b9af31f1dfd941f47f.r2.dev/receipts/sh_nashville_other_2024-11-22_15_51.jpg,VERIFIED
357,2024-11-23,$26.25,METROPOLIS PARKING,,https://pub-35015e19c4b442b9af31f1dfd941f47f.r2.dev/receipts/metropolis_parking_2024-11-23_26_25_3.jpg,VERIFIED
358,2024-11-24,$21.95,CLAUDE.AI SUBSCRIPTION,,https://pub-35015e19c4b442b9af31f1dfd941f47f.r2.dev/receipts/claudeai_subscription_2024-11-24_21_95.jpg,VERIFIED
360,2024-11-24,$52.99,SH NASHVILLE - OTHER,,https://pub-35015e19c4b442b9af31f1dfd941f47f.r2.dev/receipts/sh_nashville_other_2024-11-24_52_99.jpg,VERIFIED
361,2024-11-25,$72.89,CORNER PUB,,https://pub-35015e19c4b442b9af31f1dfd941f47f.r2.dev/receipts/corner_pub_2024-11-25_72_89_3.jpg,VERIFIED
363,2024-11-25,$26.25,METROPOLIS PARKING,,https://pub-35015e19c4b442b9af31f1dfd941f47f.r2.dev/receipts/metropolis_parking_2024-11-25_26_25_3.jpg,VERIFIED
364,2024-11-25,$38.78,SH NASHVILLE - OTHER,,https://pub-35015e19c4b442b9af31f1dfd941f47f.r2.dev/receipts/sh_nashville_other_2024-11-25_38_78.jpg,VERIFIED
365,2024-11-26,$26.25,METROPOLIS PARKING,,https://pub-35015e19c4b442b9af31f1dfd941f47f.r2.dev/receipts/metropolis_parking_2024-11-26_26_25_3.jpg,VERIFIED
366,2024-11-27,$12.84,PMC - PAID PARKING,,https://pub-35015e19c4b442b9af31f1dfd941f47f.r2.dev/receipts/pmc_paid_parking_2024-11-27_12_84.jpg,VERIFIED
372,2024-12-01,$19.76,EXPENSIFY INC.,,https://pub-35015e19c4b442b9af31f1dfd941f47f.r2.dev/receipts/expensify_inc_2024-12-01_19_76_3.jpg,VERIFIED
374,2024-12-02,$12.25,THE URBAN JUICER,,https://pub-35015e19c4b442b9af31f1dfd941f47f.r2.dev/receipts/the_urban_juicer_2024-12-02_12_25_3.jpg,VERIFIED
375,2024-12-02,$51.07,UBER *TRIP,,https://pub-35015e19c4b442b9af31f1dfd941f47f.r2.dev/receipts/uber_trip_2024-12-02_51_07_3.jpg,VERIFIED
376,2024-12-02,$37.14,UBER *TRIP,,https://pub-35015e19c4b442b9af31f1dfd941f47f.r2.dev/receipts/uber_trip_2024-12-02_37_14_3.jpg,VERIFIED
377,2024-12-02,$20.14,WENDYS #652,,https://pub-35015e19c4b442b9af31f1dfd941f47f.r2.dev/receipts/wendys_652_2024-12-02_20_14.jpg,VERIFIED
381,2024-12-03,$28.46,UBER *TRIP,,https://pub-35015e19c4b442b9af31f1dfd941f47f.r2.dev/receipts/uber_trip_2024-12-03_28_46_3.png,VERIFIED
382,2024-12-03,$48.15,UBER *TRIP,,https://pub-35015e19c4b442b9af31f1dfd941f47f.r2.dev/receipts/uber_trip_2024-12-03_48_15.jpg,VERIFIED
383,2024-12-03,$24.22,UBER *TRIP,,https://pub-35015e19c4b442b9af31f1dfd941f47f.r2.dev/receipts/uber_trip_2024-12-03_24_22.jpg,VERIFIED
385,2024-12-04,$46.32,CURB LV TAXI YCS,,https://pub-35015e19c4b442b9af31f1dfd941f47f.r2.dev/receipts/curb_lv_taxi_ycs_2024-12-04_46_32.jpg,VERIFIED
394,2024-12-06,$33.38,COSMOPOL-BANG BAR,,https://pub-35015e19c4b442b9af31f1dfd941f47f.r2.dev/receipts/cosmopol_bang_bar_2024-12-06_33_38.jpg,VERIFIED
400,2024-12-06,$20.84,UBER *TRIP,,https://pub-35015e19c4b442b9af31f1dfd941f47f.r2.dev/receipts/uber_trip_2024-12-06_20_84.jpg,VERIFIED
401,2024-12-06,$54.93,UBER *TRIP,,https://pub-35015e19c4b442b9af31f1dfd941f47f.r2.dev/receipts/uber_trip_2024-12-06_54_93.jpg,VERIFIED
405,2024-12-07,$19.00,DESERT STAR LOUNGE,,https://pub-35015e19c4b442b9af31f1dfd941f47f.r2.dev/receipts/desert_star_lounge_2024-12-07_19_0.jpg,VERIFIED
408,2024-12-07,$33.16,PIZZA FORTE HARD ROCK,,https://pub-35015e19c4b442b9af31f1dfd941f47f.r2.dev/receipts/pizza_forte_hard_rock_2024-12-07_33_16.jpg,VERIFIED
409,2024-12-07,$664.98,SOUTHWES 5262587584631,,https://pub-35015e19c4b442b9af31f1dfd941f47f.r2.dev/receipts/southwes_5262587584631_2024-12-07_664_98.jpg,VERIFIED
410,2024-12-07,$34.68,UBER *TRIP,,https://pub-35015e19c4b442b9af31f1dfd941f47f.r2.dev/receipts/uber_trip_2024-12-07_34_68.png,VERIFIED
412,2024-12-08,$10.00,CALENDARBRIDGE,,https://pub-35015e19c4b442b9af31f1dfd941f47f.r2.dev/receipts/calendarbridge_2024-12-08_10_0.jpg,VERIFIED
417,2024-12-09,$46.83,UBER *TRIP,,https://pub-35015e19c4b442b9af31f1dfd941f47f.r2.dev/receipts/uber_trip_2024-12-09_46_83.jpg,VERIFIED
418,2024-12-12,$21.00,METROPOLIS PARKING,,https://pub-35015e19c4b442b9af31f1dfd941f47f.r2.dev/receipts/metropolis_parking_2024-12-12_21_0.jpg,VERIFIED
420,2024-12-13,$9.00,SOURCEGRAPH INC,,https://pub-35015e19c4b442b9af31f1dfd941f47f.r2.dev/receipts/sourcegraph_inc_2024-12-13_9_0.jpg,VERIFIED
427,2024-12-17,$21.00,METROPOLIS PARKING,,https://pub-35015e19c4b442b9af31f1dfd941f47f.r2.dev/receipts/metropolis_parking_2024-12-17_21_0.jpg,VERIFIED
428,2024-12-17,$80.70,TST*CROWS NEST,,https://pub-35015e19c4b442b9af31f1dfd941f47f.r2.dev/receipts/tstcrows_nest_2024-12-17_80_7.jpg,VERIFIED
429,2024-12-18,$160.00,CHARTMETRIC,,https://pub-35015e19c4b442b9af31f1dfd941f47f.r2.dev/receipts/chartmetric_2024-12-18_160_0.jpg,VERIFIED
430,2024-12-18,$15.99,METROPOLIS PARKING,,https://pub-35015e19c4b442b9af31f1dfd941f47f.r2.dev/receipts/metropolis_parking_2024-12-18_15_99_3.jpg,VERIFIED
431,2024-12-18,$55.98,W NASHVILLE,,https://pub-35015e19c4b442b9af31f1dfd941f47f.r2.dev/receipts/w_nashville_2024-12-18_55_98.jpg,VERIFIED
432,2024-12-18,$180.00,W NASHVILLE,,https://pub-35015e19c4b442b9af31f1dfd941f47f.r2.dev/receipts/w_nashville_2024-12-18_180_0.jpg,VERIFIED
434,2024-12-19,$16.29,METROPOLIS PARKING,,https://pub-35015e19c4b442b9af31f1dfd941f47f.r2.dev/receipts/metropolis_parking_2024-12-19_16_29.jpg,VERIFIED
435,2024-12-19,$360.00,ROSTR PRO* TRIAL OVER,,https://pub-35015e19c4b442b9af31f1dfd941f47f.r2.dev/receipts/rostr_pro_trial_over_2024-12-19_360_0.jpg,VERIFIED
436,2024-12-20,$20.68,SH NASHVILLE - OTHER,,https://pub-35015e19c4b442b9af31f1dfd941f47f.r2.dev/receipts/sh_nashville_other_2024-12-20_20_68.jpg,VERIFIED
437,2024-12-20,$49.84,TST*GREEN HILLS GRILLE,,https://pub-35015e19c4b442b9af31f1dfd941f47f.r2.dev/receipts/tstgreen_hills_grille_2024-12-20_49_84_3.jpg,VERIFIED
441,2024-12-24,$21.95,CLAUDE.AI SUBSCRIPTION,,https://pub-35015e19c4b442b9af31f1dfd941f47f.r2.dev/receipts/claudeai_subscription_2024-12-24_21_95.jpg,VERIFIED
442,2024-12-24,$28.00,PIKA.ART,,https://pub-35015e19c4b442b9af31f1dfd941f47f.r2.dev/receipts/pikaart_2024-12-24_28_0.jpg,VERIFIED
443,2024-12-25,$44.25,SHOEBOXED.* TRIAL PROF,,https://pub-35015e19c4b442b9af31f1dfd941f47f.r2.dev/receipts/shoeboxed_trial_prof_2024-12-25_44_25_3.jpg,VERIFIED
445,2024-12-30,$51.30,LITTLE CAESARS 1890-0003,,https://pub-35015e19c4b442b9af31f1dfd941f47f.r2.dev/receipts/little_caesars_1890_0003_2024-12-30_51_3.jpg,VERIFIED
446,2024-12-30,$32.93,MIDJOURNEY INC.,,https://pub-35015e19c4b442b9af31f1dfd941f47f.r2.dev/receipts/midjourney_inc_2024-12-30_32_93.jpg,VERIFIED
447,2025-01-01,$19.76,EXPENSIFY INC.,,https://pub-35015e19c4b442b9af31f1dfd941f47f.r2.dev/receipts/expensify_inc_2025-01-01_19_76_3.jpg,VERIFIED
450,2025-01-05,$155.60,THE GOAT MOUNT JULIET,,https://pub-35015e19c4b442b9af31f1dfd941f47f.r2.dev/receipts/the_goat_mount_juliet_2025-01-05_155_6.jpg,VERIFIED
451,2025-01-06,$18.47,METROPOLIS PARKING,,https://pub-35015e19c4b442b9af31f1dfd941f47f.r2.dev/receipts/metropolis_parking_2025-01-06_18_47.jpg,VERIFIED
452,2025-01-06,$15.99,METROPOLIS PARKING,,https://pub-35015e19c4b442b9af31f1dfd941f47f.r2.dev/receipts/metropolis_parking_2025-01-06_15_99_3.jpg,VERIFIED
455,2025-01-06,$50.00,THE DONELSON PUB,,https://pub-35015e19c4b442b9af31f1dfd941f47f.r2.dev/receipts/the_donelson_pub_2025-01-06_50_0.jpg,VERIFIED
457,2025-01-07,$16.54,SQ *MONAMIE COFFEE,,https://pub-35015e19c4b442b9af31f1dfd941f47f.r2.dev/receipts/sq_monamie_coffee_2025-01-07_16_54.jpg,VERIFIED
459,2025-01-08,$17.88,METROPOLIS PARKING,,https://pub-35015e19c4b442b9af31f1dfd941f47f.r2.dev/receipts/metropolis_parking_2025-01-08_17_88.jpg,VERIFIED
460,2025-01-08,$13.13,SPOTIFY USA,,https://pub-35015e19c4b442b9af31f1dfd941f47f.r2.dev/receipts/spotify_usa_2025-01-08_13_13_3.jpg,VERIFIED
461,2025-01-08,$24.56,TST*DICEYS TAVERN - NAS,,https://pub-35015e19c4b442b9af31f1dfd941f47f.r2.dev/receipts/tstdiceys_tavern_nas_2025-01-08_24_56.png,VERIFIED
462,2025-01-09,$21.00,METROPOLIS PARKING,,https://pub-35015e19c4b442b9af31f1dfd941f47f.r2.dev/receipts/metropolis_parking_2025-01-09_21_0.jpg,VERIFIED
463,2025-01-09,$23.21,PMC - PAID PARKING,,https://pub-35015e19c4b442b9af31f1dfd941f47f.r2.dev/receipts/pmc_paid_parking_2025-01-09_23_21.png,VERIFIED
468,2025-01-14,$9.73,METROPOLIS PARKING,,https://pub-35015e19c4b442b9af31f1dfd941f47f.r2.dev/receipts/metropolis_parking_2025-01-14_9_73_3.jpg,VERIFIED
470,2025-01-15,$4.84,CLOUDFLARE,,https://pub-35015e19c4b442b9af31f1dfd941f47f.r2.dev/receipts/cloudflare_2025-01-15_4_84.jpg,VERIFIED
475,2025-01-17,$26.25,METROPOLIS PARKING,,https://pub-35015e19c4b442b9af31f1dfd941f47f.r2.dev/receipts/metropolis_parking_2025-01-17_26_25_3.jpg,VERIFIED
476,2025-01-18,$160.00,CHARTMETRIC,,https://pub-35015e19c4b442b9af31f1dfd941f47f.r2.dev/receipts/chartmetric_2025-01-18_160_0.jpg,VERIFIED
477,2025-01-18,$10.23,METROPOLIS PARKING,,https://pub-35015e19c4b442b9af31f1dfd941f47f.r2.dev/receipts/metropolis_parking_2025-01-18_10_23_3.jpg,VERIFIED
479,2025-01-21,$7.76,SH NASHVILLE - OTHER,,https://pub-35015e19c4b442b9af31f1dfd941f47f.r2.dev/receipts/sh_nashville_other_2025-01-21_7_76.png,VERIFIED
481,2025-01-21,$15.51,SH NASHVILLE - OTHER,,https://pub-35015e19c4b442b9af31f1dfd941f47f.r2.dev/receipts/sh_nashville_other_2025-01-21_15_51.jpg,VERIFIED
483,2025-01-22,$26.25,METROPOLIS PARKING,,https://pub-35015e19c4b442b9af31f1dfd941f47f.r2.dev/receipts/metropolis_parking_2025-01-22_26_25_3.jpg,VERIFIED
484,2025-01-22,$52.99,SH NASHVILLE - OTHER,,https://pub-35015e19c4b442b9af31f1dfd941f47f.r2.dev/receipts/sh_nashville_other_2025-01-22_52_99.PNG,VERIFIED
486,2025-01-23,$26.25,METROPOLIS PARKING,,https://pub-35015e19c4b442b9af31f1dfd941f47f.r2.dev/receipts/metropolis_parking_2025-01-23_26_25_3.jpg,VERIFIED
488,2025-01-24,$35.00,PIKA.ART,,https://pub-35015e19c4b442b9af31f1dfd941f47f.r2.dev/receipts/pikaart_2025-01-24_35_0.jpg,VERIFIED
490,2025-01-29,$12.72,UBER *TRIP,,https://pub-35015e19c4b442b9af31f1dfd941f47f.r2.dev/receipts/uber_trip_2025-01-29_12_72_3.jpg,VERIFIED
491,2025-01-30,$32.93,MIDJOURNEY INC.,,https://pub-35015e19c4b442b9af31f1dfd941f47f.r2.dev/receipts/midjourney_inc_2025-01-30_32_93.jpg,VERIFIED
492,2025-01-30,$59.62,UBER *TRIP,,https://pub-35015e19c4b442b9af31f1dfd941f47f.r2.dev/receipts/uber_trip_2025-01-30_59_62.jpg,VERIFIED
493,2025-02-01,$19.76,EXPENSIFY INC.,,https://pub-35015e19c4b442b9af31f1dfd941f47f.r2.dev/receipts/expensify_inc_2025-02-01_19_76_3.jpg,VERIFIED
497,2025-02-05,$15.99,METROPOLIS PARKING,,https://pub-35015e19c4b442b9af31f1dfd941f47f.r2.dev/receipts/metropolis_parking_2025-02-05_15_99_3.jpg,VERIFIED
498,2025-02-05,$8.40,PMC - PAID PARKING,,https://pub-35015e19c4b442b9af31f1dfd941f47f.r2.dev/receipts/pmc_paid_parking_2025-02-05_8_40.jpg,VERIFIED
505,2025-02-07,$17.29,PMC - PAID PARKING,,https://pub-35015e19c4b442b9af31f1dfd941f47f.r2.dev/receipts/pmc_paid_parking_2025-02-07_17_29.png,VERIFIED
506,2025-02-07,$12.35,PMC - PAID PARKING,,https://pub-35015e19c4b442b9af31f1dfd941f47f.r2.dev/receipts/pmc_paid_parking_2025-02-07_12_35.png,VERIFIED
507,2025-02-08,$10.00,CALENDARBRIDGE,,https://pub-35015e19c4b442b9af31f1dfd941f47f.r2.dev/receipts/calendarbridge_2025-02-08_10_0.jpg,VERIFIED
508,2025-02-08,$13.13,SPOTIFY USA,,https://pub-35015e19c4b442b9af31f1dfd941f47f.r2.dev/receipts/spotify_usa_2025-02-08_13_13_3.jpg,VERIFIED
509,2025-02-11,$24.05,4289 TONY &AMP; BENNYS,,https://pub-35015e19c4b442b9af31f1dfd941f47f.r2.dev/receipts/4289_tony_amp_bennys_2025-02-11_24_05_3.jpg,VERIFIED
510,2025-02-11,$44.75,ARTHOUSE HOTEL NEW YORK C,,https://pub-35015e19c4b442b9af31f1dfd941f47f.r2.dev/receipts/arthouse_hotel_new_york_c_2025-02-11_44_75_3.jpg,VERIFIED
512,2025-02-11,$14.24,SQ *BREADS BAKERY UPPER E,,https://pub-35015e19c4b442b9af31f1dfd941f47f.r2.dev/receipts/sq_breads_bakery_upper_e_2025-02-11_14_24_3.jpg,VERIFIED
525,2025-02-13,$9.00,SOURCEGRAPH INC,,https://pub-35015e19c4b442b9af31f1dfd941f47f.r2.dev/receipts/sourcegraph_inc_2025-02-13_9_0.jpg,VERIFIED
527,2025-02-14,$55.95,UBER *TRIP,,https://pub-35015e19c4b442b9af31f1dfd941f47f.r2.dev/receipts/uber_trip_2025-02-14_55_95_3.jpg,VERIFIED
535,2025-02-20,$7.79,SH NASHVILLE - OTHER,,https://pub-35015e19c4b442b9af31f1dfd941f47f.r2.dev/receipts/sh_nashville_other_2025-02-20_7_79.PNG,VERIFIED
537,2025-02-21,$26.25,METROPOLIS PARKING,,https://pub-35015e19c4b442b9af31f1dfd941f47f.r2.dev/receipts/metropolis_parking_2025-02-21_26_25_3.jpg,VERIFIED
538,2025-02-24,$21.95,CLAUDE.AI SUBSCRIPTION,,https://pub-35015e19c4b442b9af31f1dfd941f47f.r2.dev/receipts/claudeai_subscription_2025-02-24_21_95.jpg,VERIFIED
540,2025-02-25,$44.25,SHOEBOXED.COM,,https://pub-35015e19c4b442b9af31f1dfd941f47f.r2.dev/receipts/shoeboxedcom_2025-02-25_44_25_3.jpg,VERIFIED
541,2025-02-25,$49.61,TST* BOOTLEGGERS INN,,https://pub-35015e19c4b442b9af31f1dfd941f47f.r2.dev/receipts/tst_bootleggers_inn_2025-02-25_49_61.jpg,VERIFIED
543,2025-02-26,$65.36,CORNER PUB,,https://pub-35015e19c4b442b9af31f1dfd941f47f.r2.dev/receipts/corner_pub_2025-02-26_65_36.jpg,VERIFIED
546,2025-02-26,$15.99,METROPOLIS PARKING,,https://pub-35015e19c4b442b9af31f1dfd941f47f.r2.dev/receipts/metropolis_parking_2025-02-26_15_99.jpg,VERIFIED
549,2025-02-28,$9.73,METROPOLIS PARKING,,https://pub-35015e19c4b442b9af31f1dfd941f47f.r2.dev/receipts/metropolis_parking_2025-02-28_9_73_3.jpg,VERIFIED
558,2025-03-06,$26.18,PMC - PAID PARKING,,https://pub-35015e19c4b442b9af31f1dfd941f47f.r2.dev/receipts/pmc_paid_parking_2025-03-06_26_18.png,VERIFIED
559,2025-03-06,$29.63,PMC - PAID PARKING,,https://pub-35015e19c4b442b9af31f1dfd941f47f.r2.dev/receipts/pmc_paid_parking_2025-03-06_29_63.jpg,VERIFIED
560,2025-03-06,$49.31,SH NASHVILLE - OTHER,,https://pub-35015e19c4b442b9af31f1dfd941f47f.r2.dev/receipts/sh_nashville_other_2025-03-06_49_31.PNG,VERIFIED
561,2025-03-06,$23.36,SH NASHVILLE - OTHER,,https://pub-35015e19c4b442b9af31f1dfd941f47f.r2.dev/receipts/sh_nashville_other_2025-03-06_23_36.jpg,VERIFIED
562,2025-03-06,$30.92,TST* JUST LOVE COFFEE - M,,https://pub-35015e19c4b442b9af31f1dfd941f47f.r2.dev/receipts/tst_just_love_coffee_m_2025-03-06_30_92.jpg,VERIFIED
567,2025-03-08,$10.00,CALENDARBRIDGE,,https://pub-35015e19c4b442b9af31f1dfd941f47f.r2.dev/receipts/calendarbridge_2025-03-08_10_0.jpg,VERIFIED
568,2025-03-08,$13.13,SPOTIFY USA,,https://pub-35015e19c4b442b9af31f1dfd941f47f.r2.dev/receipts/spotify_usa_2025-03-08_13_13_3.jpg,VERIFIED
572,2025-03-13,$36.75,METROPOLIS PARKING,,https://pub-35015e19c4b442b9af31f1dfd941f47f.r2.dev/receipts/metropolis_parking_2025-03-13_36_75_3.jpg,VERIFIED
580,2025-03-21,$9.00,HUGGINGFACE,,https://pub-35015e19c4b442b9af31f1dfd941f47f.r2.dev/receipts/huggingface_2025-03-21_9_0.jpg,VERIFIED
583,2025-03-22,$46.45,TST* TWO HANDS - NASHVILL,,https://pub-35015e19c4b442b9af31f1dfd941f47f.r2.dev/receipts/tst_two_hands_nashvill_2025-03-22_46_45.jpg,VERIFIED
587,2025-03-24,$21.95,CLAUDE.AI SUBSCRIPTION,,https://pub-35015e19c4b442b9af31f1dfd941f47f.r2.dev/receipts/claudeai_subscription_2025-03-24_21_95.jpg,VERIFIED
588,2025-03-24,$26.65,DD *DOORDASH SHIPLEYDO,,https://pub-35015e19c4b442b9af31f1dfd941f47f.r2.dev/receipts/dd_doordash_shipleydo_2025-03-24_26_65.jpg,VERIFIED
590,2025-03-25,$66.83,12 SOUTH TAPROOM &AMP; GRILL,,https://pub-35015e19c4b442b9af31f1dfd941f47f.r2.dev/receipts/12_south_taproom_amp_grill_2025-03-25_66_83.jpg,VERIFIED
591,2025-03-25,$36.72,METROPOLIS PARKING,,https://pub-35015e19c4b442b9af31f1dfd941f47f.r2.dev/receipts/metropolis_parking_2025-03-25_36_72.jpg,VERIFIED
592,2025-03-25,$48.00,OBSIDIAN.MD,,https://pub-35015e19c4b442b9af31f1dfd941f47f.r2.dev/receipts/obsidianmd_2025-03-25_48_0.jpg,VERIFIED
593,2025-03-25,$30.73,PMC - PAID PARKING,,https://pub-35015e19c4b442b9af31f1dfd941f47f.r2.dev/receipts/pmc_paid_parking_2025-03-25_30_73.png,VERIFIED
598,2025-03-29,$47.88,ELEMENTOR.COM,,https://pub-35015e19c4b442b9af31f1dfd941f47f.r2.dev/receipts/elementor-invoice-ZINV00318467.jpg,VERIFIED
600,2025-03-30,$32.93,MIDJOURNEY INC.,,https://pub-35015e19c4b442b9af31f1dfd941f47f.r2.dev/receipts/midjourney_inc_2025-03-30_32_93.jpg,VERIFIED
602,2025-03-31,$21.00,METROPOLIS PARKING,,https://pub-35015e19c4b442b9af31f1dfd941f47f.r2.dev/receipts/metropolis_parking_2025-03-31_21_0.jpg,VERIFIED
603,2025-03-31,$36.88,SH NASHVILLE F&AMP;B,,https://pub-35015e19c4b442b9af31f1dfd941f47f.r2.dev/receipts/sh_nashville_fampb_2025-03-31_36_88.jpg,VERIFIED
604,2025-04-01,$27.44,ANTHROPIC,,https://pub-35015e19c4b442b9af31f1dfd941f47f.r2.dev/receipts/anthropic_2025-04-01_27_44.jpg,VERIFIED
605,2025-04-01,$19.76,EXPENSIFY INC.,,https://pub-35015e19c4b442b9af31f1dfd941f47f.r2.dev/receipts/expensify_inc_2025-04-01_19_76_3.jpg,VERIFIED
607,2025-04-02,$109.75,ANTHROPIC,,https://pub-35015e19c4b442b9af31f1dfd941f47f.r2.dev/receipts/anthropic_2025-04-02_109_75.jpg,VERIFIED
608,2025-04-02,$27.44,ANTHROPIC,,https://pub-35015e19c4b442b9af31f1dfd941f47f.r2.dev/receipts/anthropic_2025-04-02_27_44.jpg,VERIFIED
612,2025-04-04,$33.74,SH NASHVILLE - OTHER,,https://pub-35015e19c4b442b9af31f1dfd941f47f.r2.dev/receipts/sh_nashville_other_2025-04-04_33_74.PNG,VERIFIED
621,2025-04-08,$10.00,CALENDARBRIDGE,,https://pub-35015e19c4b442b9af31f1dfd941f47f.r2.dev/receipts/calendarbridge_2025-04-08_10_0.jpg,VERIFIED
622,2025-04-08,$13.13,SPOTIFY USA,,https://pub-35015e19c4b442b9af31f1dfd941f47f.r2.dev/receipts/spotify_usa_2025-04-08_13_13_3.jpg,VERIFIED
623,2025-04-08,$92.19,TOPAZ LABS SOFTWARE,,https://pub-35015e19c4b442b9af31f1dfd941f47f.r2.dev/receipts/topaz_labs_software_2025-04-08_92_19.jpg,VERIFIED
624,2025-04-10,$32.44,SH NASHVILLE - OTHER,,https://pub-35015e19c4b442b9af31f1dfd941f47f.r2.dev/receipts/sh_nashville_other_2025-04-10_32_44.PNG,VERIFIED
627,2025-04-11,$21.00,METROPOLIS PARKING,,https://pub-35015e19c4b442b9af31f1dfd941f47f.r2.dev/receipts/metropolis_parking_2025-04-11_21_0.jpg,VERIFIED
636,2025-04-13,$25.05,DD *DOORDASH BROTHERSP,,https://pub-35015e19c4b442b9af31f1dfd941f47f.r2.dev/receipts/dd_doordash_brothersp_2025-04-13_25_05_3.jpg,VERIFIED
639,2025-04-13,$9.00,SOURCEGRAPH INC,,https://pub-35015e19c4b442b9af31f1dfd941f47f.r2.dev/receipts/sourcegraph_inc_2025-04-13_9_0.jpg,VERIFIED
652,2025-04-22,$9.00,HUGGINGFACE,,https://pub-35015e19c4b442b9af31f1dfd941f47f.r2.dev/receipts/huggingface_2025-04-22_9_0.jpg,VERIFIED
654,2025-04-24,$21.95,CLAUDE.AI SUBSCRIPTION,,https://pub-35015e19c4b442b9af31f1dfd941f47f.r2.dev/receipts/claudeai_subscription_2025-04-24_21_95.jpg,VERIFIED
667,2025-04-30,$5.00,EVERY STUDIO,,https://pub-35015e19c4b442b9af31f1dfd941f47f.r2.dev/receipts/every_studio_2025-04-30_5_0.jpg,VERIFIED
668,2025-04-30,$32.93,MIDJOURNEY INC.,,https://pub-35015e19c4b442b9af31f1dfd941f47f.r2.dev/receipts/midjourney_inc_2025-04-30_32_93.jpg,VERIFIED
669,2025-04-30,$62.28,SH NASHVILLE - OTHER,,https://pub-35015e19c4b442b9af31f1dfd941f47f.r2.dev/receipts/sh_nashville_other_2025-04-30_62_28.jpg,VERIFIED
670,2025-04-30,$7.67,SH NASHVILLE - OTHER,,https://pub-35015e19c4b442b9af31f1dfd941f47f.r2.dev/receipts/sh_nashville_other_2025-04-30_7_67.PNG,VERIFIED
671,2025-04-30,$7.79,SH NASHVILLE - OTHER,,https://pub-35015e19c4b442b9af31f1dfd941f47f.r2.dev/receipts/sh_nashville_other_2025-04-30_7_79.PNG,VERIFIED
672,2025-05-01,$19.76,EXPENSIFY INC.,,https://pub-35015e19c4b442b9af31f1dfd941f47f.r2.dev/receipts/expensify_inc_2025-05-01_19_76_3.jpg,VERIFIED
674,2025-05-02,$54.90,ANTHROPIC,,https://pub-35015e19c4b442b9af31f1dfd941f47f.r2.dev/receipts/anthropic_2025-05-02_54_9.jpg,VERIFIED
681,2025-05-08,$10.00,CALENDARBRIDGE,,https://pub-35015e19c4b442b9af31f1dfd941f47f.r2.dev/receipts/calendarbridge_2025-05-08_10_0.jpg,VERIFIED
683,2025-05-09,$7.38,LAZ PARKING M32180-FLOWB,,https://pub-35015e19c4b442b9af31f1dfd941f47f.r2.dev/receipts/laz_parking_m32180_flowb_2025-05-09_7_38.jpg,VERIFIED
684,2025-05-09,$28.45,VIRGIN HOTEL - COMMONS,,https://pub-35015e19c4b442b9af31f1dfd941f47f.r2.dev/receipts/virgin_hotel_commons_2025-05-09_28_45.jpg,VERIFIED
687,2025-05-13,$9.00,SOURCEGRAPH INC,,https://pub-35015e19c4b442b9af31f1dfd941f47f.r2.dev/receipts/sourcegraph_inc_2025-05-13_9_0.jpg,VERIFIED
688,2025-05-13,$120.00,TASKADE,,https://pub-35015e19c4b442b9af31f1dfd941f47f.r2.dev/receipts/taskade_2025-05-13_120_0.jpg,VERIFIED
690,2025-05-14,$10.00,CLOUDFLARE,,https://pub-35015e19c4b442b9af31f1dfd941f47f.r2.dev/receipts/cloudflare_2025-05-14_10_0.jpg,VERIFIED
703,2025-05-24,$21.95,CLAUDE.AI SUBSCRIPTION,,https://pub-35015e19c4b442b9af31f1dfd941f47f.r2.dev/receipts/claudeai_subscription_2025-05-24_21_95.jpg,VERIFIED
710,2025-05-30,$5.00,EVERY STUDIO,,https://pub-35015e19c4b442b9af31f1dfd941f47f.r2.dev/receipts/every_studio_2025-05-30_5_0.jpg,VERIFIED
711,2025-05-30,$32.93,MIDJOURNEY INC.,,https://pub-35015e19c4b442b9af31f1dfd941f47f.r2.dev/receipts/midjourney_inc_2025-05-30_32_93.jpg,VERIFIED
713,2025-05-31,$65.84,DASHLANE U* DASHLANE P,,https://pub-35015e19c4b442b9af31f1dfd941f47f.r2.dev/receipts/dashlane_u_dashlane_p_2025-05-31_65_84_3.jpg,VERIFIED
716,2025-06-01,$19.76,EXPENSIFY INC.,,https://pub-35015e19c4b442b9af31f1dfd941f47f.r2.dev/receipts/expensify_inc_2025-06-01_19_76_3.jpg,VERIFIED
719,2025-06-04,$79.25,CORNER PUB,,https://pub-35015e19c4b442b9af31f1dfd941f47f.r2.dev/receipts/corner_pub_2025-06-04_79_25_3.jpg,VERIFIED
724,2025-06-08,$10.00,CALENDARBRIDGE,,https://pub-35015e19c4b442b9af31f1dfd941f47f.r2.dev/receipts/calendarbridge_2025-06-08_10_0.jpg,VERIFIED
729,2025-06-13,$9.00,SOURCEGRAPH INC,,https://pub-35015e19c4b442b9af31f1dfd941f47f.r2.dev/receipts/sourcegraph_inc_2025-06-13_9_0.jpg,VERIFIED
738,2025-06-24,$21.95,CLAUDE.AI SUBSCRIPTION,,https://pub-35015e19c4b442b9af31f1dfd941f47f.r2.dev/receipts/claudeai_subscription_2025-06-24_21_95.jpg,VERIFIED
742,2025-06-27,$32.32,PMC - PAID PARKING,,https://pub-35015e19c4b442b9af31f1dfd941f47f.r2.dev/receipts/pmc_paid_parking_2025-06-27_32_32.png,VERIFIED
744,2025-06-30,$32.93,MIDJOURNEY INC.,,https://pub-35015e19c4b442b9af31f1dfd941f47f.r2.dev/receipts/midjourney_inc_2025-06-30_32_93.jpg,VERIFIED
745,2025-07-01,$19.76,EXPENSIFY INC.,,https://pub-35015e19c4b442b9af31f1dfd941f47f.r2.dev/receipts/expensify_inc_2025-07-01_19_76_3.jpg,VERIFIED
751,2025-07-11,$5.00,EVERY STUDIO,,https://pub-35015e19c4b442b9af31f1dfd941f47f.r2.dev/receipts/every_studio_2025-07-11_5_0.jpg,VERIFIED
753,2025-07-14,$10.00,CLOUDFLARE,,https://pub-35015e19c4b442b9af31f1dfd941f47f.r2.dev/receipts/cloudflare_2025-07-14_10_0.jpg,VERIFIED
759,2025-07-24,$23.45,VZWRLSS*ETM SCT1456901,,https://pub-35015e19c4b442b9af31f1dfd941f47f.r2.dev/receipts/vzwrlssetm_sct1456901_2025-07-24_23_45.jpg,VERIFIED
760,2025-07-25,$9.00,HUGGINGFACE,,https://pub-35015e19c4b442b9af31f1dfd941f47f.r2.dev/receipts/huggingface_2025-07-25_9_0.jpg,VERIFIED
765,2025-08-01,$19.76,EXPENSIFY INC.,,https://pub-35015e19c4b442b9af31f1dfd941f47f.r2.dev/receipts/expensify_inc_2025-08-01_19_76_3.jpg,VERIFIED
771,2025-08-08,$49.25,SODEXO AT BELMONT UNIVER,,https://pub-35015e19c4b442b9af31f1dfd941f47f.r2.dev/receipts/sodexo_at_belmont_univer_2025-08-08_49_25.jpg,VERIFIED
772,2025-08-08,$13.13,SPOTIFY USA,,https://pub-35015e19c4b442b9af31f1dfd941f47f.r2.dev/receipts/spotify_usa_2025-08-08_13_13_3.jpg,VERIFIED
778,2025-08-16,$19.99,DAVINCI AI,,https://pub-35015e19c4b442b9af31f1dfd941f47f.r2.dev/receipts/davinci_ai_2025-08-16_19_99.jpg,VERIFIED
780,2025-08-24,$21.95,CLAUDE.AI SUBSCRIPTION,,https://pub-35015e19c4b442b9af31f1dfd941f47f.r2.dev/receipts/claudeai_subscription_2025-08-24_21_95.jpg,VERIFIED
782,2025-08-26,$9.00,HUGGINGFACE,,https://pub-35015e19c4b442b9af31f1dfd941f47f.r2.dev/receipts/huggingface_2025-08-26_9_0.jpg,VERIFIED
784,2025-08-28,$20.00,IDEOGRAM AI,,https://pub-35015e19c4b442b9af31f1dfd941f47f.r2.dev/receipts/ideogram_ai_2025-08-28_20_0.jpg,VERIFIED
785,2025-08-30,$5.00,EVERY STUDIO,,https://pub-35015e19c4b442b9af31f1dfd941f47f.r2.dev/receipts/every_studio_2025-08-30_5_0.jpg,VERIFIED
786,2025-09-01,$19.76,EXPENSIFY INC.,,https://pub-35015e19c4b442b9af31f1dfd941f47f.r2.dev/receipts/expensify_inc_2025-09-01_19_76_3.jpg,VERIFIED
791,2025-10-03,$20.00,IDEOGRAM AI,,https://pub-35015e19c4b442b9af31f1dfd941f47f.r2.dev/receipts/ideogram_ai_2025-10-03_20_0.png,VERIFIED
792,2025-10-04,$5.68,ANTHROPIC,,https://pub-35015e19c4b442b9af31f1dfd941f47f.r2.dev/receipts/anthropic_2025-10-04_5_68.png,VERIFIED
796,2025-10-21,$334.00,CLEAR *CLEARME.COM,,https://pub-35015e19c4b442b9af31f1dfd941f47f.r2.dev/receipts/clear_clearmecom_2025-10-21_334_0.jpg,VERIFIED
799,2025-11-01,$52.68,NOTION LABS INC.,,https://pub-35015e19c4b442b9af31f1dfd941f47f.r2.dev/receipts/notion_labs_inc_2025-11-01_52_68.jpg,VERIFIED
801,2024-07-12,$9.29,PMC - PAID PARKING,,https://pub-35015e19c4b442b9af31f1dfd941f47f.r2.dev/receipts/pmc_paid_parking_2024-07-12_9_29.png,VERIFIED
802,2024-08-06,$21.00,METROPOLIS PARKING,,https://pub-35015e19c4b442b9af31f1dfd941f47f.r2.dev/receipts/metropolis_parking_2024-08-06_21_00.jpg,VERIFIED
804,2024-10-16,$26.22,PMC - PAID PARKING,,https://pub-35015e19c4b442b9af31f1dfd941f47f.r2.dev/receipts/pmc_paid_parking_2024-10-16_26_22.png,VERIFIED
806,2024-10-21,$50.00,IM-ADA.AI,,https://pub-35015e19c4b442b9af31f1dfd941f47f.r2.dev/receipts/im_adaai_2024-10-21_50_0.jpg,VERIFIED
811,2024-09-28,$25.00,IM-ADA.AI,,https://pub-35015e19c4b442b9af31f1dfd941f47f.r2.dev/receipts/im_adaai_2024-09-28_25_0_2.jpg,VERIFIED
812,2024-09-28,$25.00,IM-ADA.AI,,https://pub-35015e19c4b442b9af31f1dfd941f47f.r2.dev/receipts/im_adaai_2024-09-28_25_0_3.jpg,VERIFIED
813,2024-10-18,$25.00,IM-ADA.AI,,https://pub-35015e19c4b442b9af31f1dfd941f47f.r2.dev/receipts/im_adaai_2024-10-18_25_0_2.jpg,VERIFIED
815,2024-07-12,$9.29,PMC - PAID PARKING,,https://pub-35015e19c4b442b9af31f1dfd941f47f.r2.dev/receipts/pmc_paid_parking_2024-07-12_9_29_2.png,VERIFIED
816,2024-08-06,$21.00,METROPOLIS PARKING,,https://pub-35015e19c4b442b9af31f1dfd941f47f.r2.dev/receipts/metropolis_parking_2024-08-06_21_0.jpg,VERIFIED
818,2024-10-16,$26.22,PMC - PAID PARKING,,https://pub-35015e19c4b442b9af31f1dfd941f47f.r2.dev/receipts/pmc_paid_parking_2024-10-16_26_22_2.png,VERIFIED
819,2024-10-21,$50.00,IM-ADA.AI,,https://pub-35015e19c4b442b9af31f1dfd941f47f.r2.dev/receipts/im_adaai_2024-10-21_50_0_2.jpg,VERIFIED
827,2024-10-23,$6.73,Belcourt Luke II,,https://pub-35015e19c4b442b9af31f1dfd941f47f.r2.dev/receipts/belcourt_luke_ii_2024-10-23_6_73.jpg,VERIFIED
829,2025-10-22,$158.04,runway,,https://pub-35015e19c4b442b9af31f1dfd941f47f.r2.dev/receipts/incoming/receipt_19a0b09638e6_att0.jpg,VERIFIED
830,2025-09-10,$120.00,taskade,,https://pub-35015e19c4b442b9af31f1dfd941f47f.r2.dev/receipts/incoming/receipt_199314a94cc4_att0.jpg,VERIFIED
