index,date,amount,merchant,receipt_url,verdict,receipt_total,reason
24,2024-07-06,$82.32,DISCO,https://pub-35015e19c4b442b9af31f1dfd941f47f.r2.dev/receipts/Screenshot 2025-11-20 at 10.55.22 PM.png,ERROR,,Image download failed
35,2024-07-17,$17.55,APPLE.COM/BILL,https://pub-35015e19c4b442b9af31f1dfd941f47f.r2.dev/receipts/applecombill_2024-07-17_17_55_3.jpg,VERIFIED,17.55,The receipt matches the details provided.
38,2024-07-17,$5.00,LAZ PARKING M32810,https://pub-35015e19c4b442b9af31f1dfd941f47f.r2.dev/receipts/laz_parking_m32810_2024-07-17_5_0.jpg,MISMATCH,5.0,Amount does not match the expected value of $5.00.
44,2024-07-22,$54.86,APPLE.COM/BILL,https://pub-35015e19c4b442b9af31f1dfd941f47f.r2.dev/receipts/applecombill_2024-07-22_54_86.jpg,MISMATCH,54.86,The image provided does not show the total amount of $54.86 as indicated in the JSON.
46,2024-07-22,$8.15,PARK HAPPY LLC,https://pub-35015e19c4b442b9af31f1dfd941f47f.r2.dev/receipts/Screenshot 2025-11-21 at 3.00.52 AM.png,ERROR,,Image download failed
56,2024-07-27,$40.33,APPLE.COM/BILL,https://pub-35015e19c4b442b9af31f1dfd941f47f.r2.dev/receipts/applecombill_2024-07-27_40_33.jpg,VERIFIED,40.33,The receipt matches the provided details.
66,2024-08-02,$39.52,TST*NADEENS HERMITAGE HA,https://pub-35015e19c4b442b9af31f1dfd941f47f.r2.dev/receipts/tstnadeens_hermitage_ha_2024-08-02_39_52.jpg,VERIFIED,$39.52,The receipt matches the provided details.
68,2024-08-03,$251.33,APPLE.COM/BILL,https://pub-35015e19c4b442b9af31f1dfd941f47f.r2.dev/receipts/applecombill_2024-08-03_251_33_3.jpg,VERIFIED,251.33,"The receipt matches the details provided: Amount of $251.33, Merchant as APPLE.COM/BILL, and Date of"
75,2024-08-06,$82.32,DISCO,https://pub-35015e19c4b442b9af31f1dfd941f47f.r2.dev/receipts/Screenshot 2025-11-20 at 10.56.42 PM.png,ERROR,,Image download failed
84,2024-08-10,$94.10,DD *DOORDASH JIMNNICKS,https://pub-35015e19c4b442b9af31f1dfd941f47f.r2.dev/receipts/dd_doordash_jimnnicks_2024-08-10_94_1.jpg,VERIFIED,$94.1,"The image shows a receipt with the following details: Amount: $94.1, Merchant: DD *DOORDASH JIMNNICK"
135,2024-08-24,$7.63,PARK HAPPY LLC,https://pub-35015e19c4b442b9af31f1dfd941f47f.r2.dev/receipts/Screenshot 2025-11-21 at 3.02.18 AM.png,ERROR,,Image download failed
154,2024-08-29,$67.81,CHAR GREEN HILLS,https://pub-35015e19c4b442b9af31f1dfd941f47f.r2.dev/receipts/char_green_hills_2024-08-29_67_81_3.jpg,MISMATCH,67.81,The receipt does not match the provided values for amount and merchant.
155,2024-08-29,$9.29,PMC - PAID PARKING,https://pub-35015e19c4b442b9af31f1dfd941f47f.r2.dev/receipts/pmc_paid_parking_2024-08-29_9_29.jpg,VERIFIED,$9.29,"The receipt matches the details provided: Amount is $9.29, Merchant is PMC - PAID PARKING, and Date "
180,2024-09-07,$10.96,APPLE.COM/BILL,https://pub-35015e19c4b442b9af31f1dfd941f47f.r2.dev/receipts/applecombill_2024-09-07_10_96_3.jpg,MISMATCH,10.96,The image provided does not contain the necessary information to verify the receipt. It is a screens
190,2024-09-08,$13.13,SPOTIFY USA,https://pub-35015e19c4b442b9af31f1dfd941f47f.r2.dev/receipts/spotify_usa_2024-09-08_13_13_3.jpg,MISMATCH,$13.13,"The amount on the receipt is $13.13, which does not match the total shown in the image ($16.50)."
210,2024-09-12,$55.53,UBER *TRIP,https://pub-35015e19c4b442b9af31f1dfd941f47f.r2.dev/receipts/uber_trip_2024-09-12_55_53_3.jpg,VERIFIED,55.53,"The receipt matches the details provided: Amount: $55.53, Merchant: UBER *TRIP, Date: 2024-09-12."
212,2024-09-13,$313.01,GOLDEN NUGGET HOTEL LV,https://pub-35015e19c4b442b9af31f1dfd941f47f.r2.dev/receipts/golden_nugget_hotel_lv_2024-09-13_313_01.png,MISMATCH,$313.01,The image provided does not contain a receipt with the specified details. It appears to be an image 
224,2024-09-16,$144.06,TST*MARTINS BAR-B-QUE JO,https://pub-35015e19c4b442b9af31f1dfd941f47f.r2.dev/receipts/tstmartins_bar_b_que_jo_2024-09-16_144_06.jpg,VERIFIED,144.06,The receipt matches the provided details.
226,2024-09-17,$38.79,UBER *TRIP,https://pub-35015e19c4b442b9af31f1dfd941f47f.r2.dev/receipts/uber_trip_2024-09-17_38_79.jpg,VERIFIED,$38.79,"The image shows a receipt from Uber with the total amount of $38.79, which matches the provided deta"
249,2024-09-28,$40.33,APPLE.COM/BILL,https://pub-35015e19c4b442b9af31f1dfd941f47f.r2.dev/receipts/applecombill_2024-09-28_40_33.jpg,VERIFIED,40.33,"The receipt matches the details provided: Amount of $40.33, Merchant as APPLE.COM/BILL, and Date of "
252,2024-10-01,$19.76,EXPENSIFY INC.,https://pub-35015e19c4b442b9af31f1dfd941f47f.r2.dev/receipts/expensify_inc_2024-10-01_19_76_3.jpg,VERIFIED,$19.76,"The receipt matches the details provided: Amount is $19.76, Merchant is EXPENSIFY INC., and Date is "
253,2024-10-01,$61.00,TST* THE GREENHOUSE BAR,https://pub-35015e19c4b442b9af31f1dfd941f47f.r2.dev/receipts/tst_the_greenhouse_bar_2024-10-01_61_0.jpg,MISMATCH,61.0,The total amount on the receipt does not match the expected amount of $61.00.
272,2024-10-08,$13.13,SPOTIFY USA,https://pub-35015e19c4b442b9af31f1dfd941f47f.r2.dev/receipts/spotify_usa_2024-10-08_13_13_3.jpg,MISMATCH,13.13,"The amount on the receipt is $13.13, which does not match the expected total of $10.67."
283,2024-10-15,$422.72,CHAR GREEN HILLS,https://pub-35015e19c4b442b9af31f1dfd941f47f.r2.dev/receipts/char_green_hills_2024-10-15_422_72_3.jpg,MISMATCH,$422.72,"The amount on the receipt is $39.60, which does not match the expected total of $422.72."
286,2024-10-16,$133.44,CORNER PUB,https://pub-35015e19c4b442b9af31f1dfd941f47f.r2.dev/receipts/corner_pub_2024-10-16_133_44.jpg,MISMATCH,133.44,The amount on the receipt does not match the expected total of $133.44.
287,2024-10-16,$19.94,PMC - PAID PARKING,https://pub-35015e19c4b442b9af31f1dfd941f47f.r2.dev/receipts/pmc_paid_parking_2024-10-16_19_94.png,MISMATCH,$19.94,"The amount on the receipt is $19.94, which does not match the total shown in the image."
290,2024-10-16,$29.73,SH NASHVILLE - OTHER,https://pub-35015e19c4b442b9af31f1dfd941f47f.r2.dev/receipts/sh_nashville_other_2024-10-16_29_73.jpg,VERIFIED,29.73,"The receipt matches the details provided: Amount is $29.73, Merchant is SH NASHVILLE - OTHER, and Da"
291,2024-10-16,$84.35,SH NASHVILLE F&AMP;B,https://pub-35015e19c4b442b9af31f1dfd941f47f.r2.dev/receipts/sh_nashville_fampb_2024-10-16_84_35.jpg,VERIFIED,$84.35,The receipt matches the provided details.
292,2024-10-18,$160.00,CHARTMETRIC,https://pub-35015e19c4b442b9af31f1dfd941f47f.r2.dev/receipts/chartmetric_2024-10-18_160_0.jpg,VERIFIED,160.0,"The image shows a receipt with the following details: Amount: $160.0, Merchant: CHARTMETRIC, Date: 2"
300,2024-10-25,$50.00,IM-ADA.AI,https://pub-35015e19c4b442b9af31f1dfd941f47f.r2.dev/receipts/im_adaai_2024-10-25_50_0.jpg,MISMATCH,$50.00,The amount on the receipt does not match the expected amount of $50.00.
301,2024-10-26,$19.99,IMDBPRO,https://pub-35015e19c4b442b9af31f1dfd941f47f.r2.dev/receipts/imdbpro_2024-10-26_19_99.jpg,VERIFIED,$19.99,"The receipt matches the details provided: Amount: $19.99, Merchant: IMDBPRO, Date: 2024-10-26."
302,2024-10-26,$427.56,LE MERIDIEN ST. LOUIS,https://pub-35015e19c4b442b9af31f1dfd941f47f.r2.dev/receipts/le_meridien_st_louis_2024-10-26_427_56_3.jpg,VERIFIED,$427.56,The receipt matches the details provided.
303,2024-10-26,$49.71,UBER *TRIP,https://pub-35015e19c4b442b9af31f1dfd941f47f.r2.dev/receipts/uber_trip_2024-10-26_49_71_3.jpg,VERIFIED,49.71,"The image shows a receipt with the following details: Amount: $49.71, Merchant: UBER *TRIP, Date: 20"
306,2024-10-30,$159.74,12 SOUTH TAPROOM &AMP; GRILL,https://pub-35015e19c4b442b9af31f1dfd941f47f.r2.dev/receipts/12_south_taproom_amp_grill_2024-10-30_159_74_3.jpg,MISMATCH,159.74,"The receipt shows a total of $159.74, which does not match the amount provided in the question."
307,2024-10-30,$49.24,DD *DOORDASH TACOBAMBA,https://pub-35015e19c4b442b9af31f1dfd941f47f.r2.dev/receipts/dd_doordash_tacobamba_2024-10-30_49_24_3.jpg,VERIFIED,$49.24,"The image shows a receipt with the following details: Amount: $49.24, Merchant: DD *DOORDASH TACOBAM"
308,2024-10-30,$32.93,MIDJOURNEY INC.,https://pub-35015e19c4b442b9af31f1dfd941f47f.r2.dev/receipts/midjourney_inc_2024-10-30_32_93.jpg,MISMATCH,32.93,"The amount on the receipt is $32.93, which does not match the expected total of $32.93."
309,2024-10-31,$67.97,DD *DOORDASH KALAMATAS,https://pub-35015e19c4b442b9af31f1dfd941f47f.r2.dev/receipts/dd_doordash_kalamatas_2024-10-31_67_97.jpg,VERIFIED,$67.97,"The image shows a receipt with the following details: Amount: $67.97, Merchant: DD *DOORDASH KALAMAT"
310,2024-11-01,$19.76,EXPENSIFY INC.,https://pub-35015e19c4b442b9af31f1dfd941f47f.r2.dev/receipts/expensify_inc_2024-11-01_19_76_3.jpg,VERIFIED,19.76,The image shows a receipt with the following details: Amount: $19.76; Merchant: EXPENSIFY INC.; Date
311,2024-11-01,$25.00,IM-ADA.AI,https://pub-35015e19c4b442b9af31f1dfd941f47f.r2.dev/receipts/im_adaai_2024-11-01_25_0.jpg,VERIFIED,25.0,The receipt matches the provided details.
312,2024-11-01,$21.00,METROPOLIS PARKING,https://pub-35015e19c4b442b9af31f1dfd941f47f.r2.dev/receipts/metropolis_parking_2024-11-01_21_0.jpg,VERIFIED,21.0,"The receipt matches the details provided: Amount is $21.0, Merchant is METROPOLIS PARKING, and Date "
313,2024-11-01,$52.68,NOTION LABS INC.,https://pub-35015e19c4b442b9af31f1dfd941f47f.r2.dev/receipts/notion_labs_inc_2024-11-01_52_68.jpg,VERIFIED,52.68,The receipt matches the provided details.
314,2024-11-01,$23.27,SH NASHVILLE - OTHER,https://pub-35015e19c4b442b9af31f1dfd941f47f.r2.dev/receipts/sh_nashville_other_2024-11-01_23_27.jpg,VERIFIED,23.27,"The receipt matches the details provided: Amount: $23.27, Merchant: SH NASHVILLE - OTHER, Date: 2024"
315,2024-11-03,$25.00,IM-ADA.AI,https://pub-35015e19c4b442b9af31f1dfd941f47f.r2.dev/receipts/im_adaai_2024-11-03_25_0.jpg,VERIFIED,$25.00,"The receipt matches the details provided: Amount: $25.00, Merchant: IM-ADA.AI, Date: 2024-11-03"
316,2024-11-04,$39.87,CORNER PUB,https://pub-35015e19c4b442b9af31f1dfd941f47f.r2.dev/receipts/corner_pub_2024-11-04_39_87.jpg,VERIFIED,39.87,The receipt matches the provided details.
318,2024-11-06,$23.21,PMC - PAID PARKING,https://pub-35015e19c4b442b9af31f1dfd941f47f.r2.dev/receipts/pmc_paid_parking_2024-11-06_23_21_3.jpg,VERIFIED,23.21,The receipt matches the details provided.
319,2024-11-06,$102.26,SH NASHVILLE F&AMP;B,https://pub-35015e19c4b442b9af31f1dfd941f47f.r2.dev/receipts/sh_nashville_fb_2024-11-06_102_26.jpg,MISMATCH,102.26,"The receipt shows a total of $102.26, which does not match the expected amount of $102.26."
320,2024-11-07,$50.00,IM-ADA.AI,https://pub-35015e19c4b442b9af31f1dfd941f47f.r2.dev/receipts/imadaai_2024-11-07_50_00.jpg,MISMATCH,50.0,The amount on the receipt does not match the expected total of $50.00.
321,2024-11-07,$26.25,METROPOLIS PARKING,https://pub-35015e19c4b442b9af31f1dfd941f47f.r2.dev/receipts/metropolis_parking_2024-11-07_26_25_3.jpg,VERIFIED,$26.25,"The receipt matches the details provided: Amount is $26.25, Merchant is METROPOLIS PARKING, and Date"
322,2024-11-07,$20.64,SQ *CANNERY HALL,https://pub-35015e19c4b442b9af31f1dfd941f47f.r2.dev/receipts/sq_cannery_hall_2024-11-07_20_64_3.jpg,VERIFIED,20.64,"The receipt matches the provided details: Amount: $20.64, Merchant: SQ *CANNERY HALL, Date: 2024-11-"
323,2024-11-07,$12.46,SQ *DISTRICT COFFEE,https://pub-35015e19c4b442b9af31f1dfd941f47f.r2.dev/receipts/sq_district_coffee_2024-11-07_12_46_3.jpg,VERIFIED,$12.46,The receipt matches the provided details.
324,2024-11-08,$10.00,CALENDARBRIDGE,https://pub-35015e19c4b442b9af31f1dfd941f47f.r2.dev/receipts/calendarbridge_2024-11-08_10_0.jpg,MISMATCH,10.0,"The amount on the receipt is $10.00, which does not match the expected total of $10.00."
325,2024-11-08,$25.57,DD *DOORDASH LASPALMAS,https://pub-35015e19c4b442b9af31f1dfd941f47f.r2.dev/receipts/dd_doordash_laspalmas_2024-11-08_25_57.png,VERIFIED,$25.57,"The image shows a receipt with the following details: Amount: $25.57, Merchant: DD *DOORDASH LASPALM"
326,2024-11-08,$10.99,METROPOLIS PARKING,https://pub-35015e19c4b442b9af31f1dfd941f47f.r2.dev/receipts/metropolis_parking_2024-11-08_10_99_3.jpg,MISMATCH,$10.99,"The image shows a receipt with an amount of $10.99, but the merchant listed is 'METROPOLIS PARKING' "
328,2024-11-08,$13.13,SPOTIFY USA,https://pub-35015e19c4b442b9af31f1dfd941f47f.r2.dev/receipts/spotify_usa_2024-11-08_13_13_3.jpg,VERIFIED,13.13,"The receipt matches the details provided: Amount is $13.13, Merchant is SPOTIFY USA, and Date is 202"
329,2024-11-09,$50.00,IM-ADA.AI,https://pub-35015e19c4b442b9af31f1dfd941f47f.r2.dev/receipts/im_adaai_2024-11-09_50_0.jpg,MISMATCH,50.0,The amount on the receipt does not match the expected total of $50.00.
330,2024-11-12,$176.99,SH NASHVILLE - OTHER,https://pub-35015e19c4b442b9af31f1dfd941f47f.r2.dev/receipts/sh_nashville_other_2024-11-12_176_99.jpg,VERIFIED,$176.99,"The receipt matches the details provided: Amount: $176.99, Merchant: SH NASHVILLE - OTHER, Date: 202"
331,2024-11-12,$361.72,SH NASHVILLE F&AMP;B,https://pub-35015e19c4b442b9af31f1dfd941f47f.r2.dev/receipts/sh_nashville_fampb_2024-11-12_361_72.jpg,MISMATCH,361.72,"The receipt shows a total of $361.72, which does not match the expected amount of $361.72."
332,2024-11-13,$1043.66,GIVERGY: CHARITY EVENT,https://pub-35015e19c4b442b9af31f1dfd941f47f.r2.dev/receipts/givergy_charity_event_2024-11-13_1043_66_3.jpg,VERIFIED,$1043.66,"The receipt matches the details provided: Amount: $1043.66, Merchant: GIVERGY: CHARITY EVENT, Date: "
333,2024-11-13,$15.99,METROPOLIS PARKING,https://pub-35015e19c4b442b9af31f1dfd941f47f.r2.dev/receipts/metropolis_parking_2024-11-13_15_99_3.jpg,VERIFIED,$15.99,"The receipt matches the details provided: Amount is $15.99, Merchant is METROPOLIS PARKING, and Date"
334,2024-11-13,$9.00,SOURCEGRAPH INC,https://pub-35015e19c4b442b9af31f1dfd941f47f.r2.dev/receipts/sourcegraph_inc_2024-11-13_9_0.jpg,VERIFIED,$9.00,The receipt matches the provided details.
335,2024-11-13,$42.01,SQ *THE PERCH,https://pub-35015e19c4b442b9af31f1dfd941f47f.r2.dev/receipts/sq_the_perch_2024-11-13_42_01.jpg,VERIFIED,$42.01,"The receipt matches the details provided: Amount: $42.01, Merchant: SQ *THE PERCH, Date: 2024-11-13."
336,2024-11-14,$279.44,12 SOUTH TAPROOM &AMP; GRILL,https://pub-35015e19c4b442b9af31f1dfd941f47f.r2.dev/receipts/12_south_taproom_amp_grill_2024-11-14_279_44.jpg,MISMATCH,$279.44,The amount on the receipt does not match the expected total of $279.44.
337,2024-11-14,$27.44,ANTHROPIC,https://pub-35015e19c4b442b9af31f1dfd941f47f.r2.dev/receipts/anthropic_2024-11-14_27_44.jpg,VERIFIED,27.44,Amount and merchant match the provided details.
338,2024-11-14,$5.00,CLOUDFLARE,https://pub-35015e19c4b442b9af31f1dfd941f47f.r2.dev/receipts/cloudflare_2024-11-14_5_0.jpg,VERIFIED,5.0,"The image shows a receipt with the following details: Amount: $5.00, Merchant: CLOUDFLARE, Date: 202"
339,2024-11-14,$15.99,METROPOLIS PARKING,https://pub-35015e19c4b442b9af31f1dfd941f47f.r2.dev/receipts/metropolis_parking_2024-11-14_15_99_3.jpg,VERIFIED,$15.99,"The receipt matches the details provided: Amount is $15.99, Merchant is METROPOLIS PARKING, and Date"
340,2024-11-14,$7.76,SH NASHVILLE - OTHER,https://pub-35015e19c4b442b9af31f1dfd941f47f.r2.dev/receipts/sh_nashville_other_2024-11-14_7_76.jpg,VERIFIED,$7.76,"The receipt matches the details provided: Amount: $7.76, Merchant: SH NASHVILLE - OTHER, Date: 2024-"
342,2024-11-15,$15.99,METROPOLIS PARKING,https://pub-35015e19c4b442b9af31f1dfd941f47f.r2.dev/receipts/metropolis_parking_2024-11-15_15_99_3.jpg,VERIFIED,$15.99,"The receipt matches the details provided: Amount is $15.99, Merchant is METROPOLIS PARKING, and Date"
344,2024-11-15,$16.80,SH NASHVILLE - OTHER,https://pub-35015e19c4b442b9af31f1dfd941f47f.r2.dev/receipts/sh_nashville_other_2024-11-15_16_8.jpg,VERIFIED,$16.80,"The receipt matches the details provided: Amount: $16.80, Merchant: SH NASHVILLE - OTHER, Date: 2024"
346,2024-11-16,$26.25,METROPOLIS PARKING,https://pub-35015e19c4b442b9af31f1dfd941f47f.r2.dev/receipts/metropolis_parking_2024-11-16_26_25_3.jpg,VERIFIED,26.25,"The receipt matches the details provided: Amount is $26.25, Merchant is METROPOLIS PARKING, and Date"
347,2024-11-17,$47.34,BROADWAY BREWHOUSE DOWNTO,https://pub-35015e19c4b442b9af31f1dfd941f47f.r2.dev/receipts/broadway_brewhouse_downto_2024-11-17_47_34_3.jpg,MISMATCH,47.34,"The amount on the receipt is $47.34, which does not match the expected total of $47.34."
348,2024-11-18,$160.00,CHARTMETRIC,https://pub-35015e19c4b442b9af31f1dfd941f47f.r2.dev/receipts/chartmetric_2024-11-18_160_0.jpg,VERIFIED,$160.00,"The image shows a receipt with the following details: Amount: $160.00, Merchant: CHARTMETRIC, Date: "
349,2024-11-19,$30.69,MARSH HOUSE,https://pub-35015e19c4b442b9af31f1dfd941f47f.r2.dev/receipts/marsh_house_2024-11-19_30_69.jpg,VERIFIED,30.69,The receipt matches the provided details.
350,2024-11-20,$100.00,IM-ADA.AI,https://pub-35015e19c4b442b9af31f1dfd941f47f.r2.dev/receipts/im_adaai_2024-11-20_100_0.jpg,MISMATCH,100.0,"The amount on the receipt is $100.00, which does not match the expected total of $100.00."
352,2024-11-21,$26.25,METROPOLIS PARKING,https://pub-35015e19c4b442b9af31f1dfd941f47f.r2.dev/receipts/metropolis_parking_2024-11-21_26_25_3.jpg,VERIFIED,$26.25,"The receipt matches the details provided: Amount of $26.25, Merchant as METROPOLIS PARKING, and Date"
353,2024-11-21,$34.96,PARKING OMNI NASHVILLE PA,https://pub-35015e19c4b442b9af31f1dfd941f47f.r2.dev/receipts/parking_omni_nashville_pa_2024-11-21_34_96_3.jpg,MISMATCH,$34.96,"The receipt shows a total of $34.96, which does not match the expected amount of $34.96."
354,2024-11-22,$34.90,SH NASHVILLE - OTHER,https://pub-35015e19c4b442b9af31f1dfd941f47f.r2.dev/receipts/sh_nashville_other_2024-11-22_34_9.jpg,VERIFIED,34.9,"The receipt matches the details provided: Amount: $34.9, Merchant: SH NASHVILLE - OTHER, Date: 2024-"
355,2024-11-22,$59.46,SH NASHVILLE - OTHER,https://pub-35015e19c4b442b9af31f1dfd941f47f.r2.dev/receipts/sh_nashville_other_2024-11-22_59_46.png,VERIFIED,$59.46,"The image shows a receipt with the following details: Amount: $59.46, Merchant: SH NASHVILLE - OTHER"
356,2024-11-22,$15.51,SH NASHVILLE - OTHER,https://pub-35015e19c4b442b9af31f1dfd941f47f.r2.dev/receipts/sh_nashville_other_2024-11-22_15_51.jpg,VERIFIED,$15.51,"The receipt matches the details provided: Amount: $15.51, Merchant: SH NASHVILLE - OTHER, Date: 2024"
357,2024-11-23,$26.25,METROPOLIS PARKING,https://pub-35015e19c4b442b9af31f1dfd941f47f.r2.dev/receipts/metropolis_parking_2024-11-23_26_25_3.jpg,VERIFIED,$26.25,The receipt matches the details provided.
358,2024-11-24,$21.95,CLAUDE.AI SUBSCRIPTION,https://pub-35015e19c4b442b9af31f1dfd941f47f.r2.dev/receipts/claudeai_subscription_2024-11-24_21_95.jpg,VERIFIED,$21.95,"The receipt matches the details provided: Amount is $21.95, Merchant is CLAUDE.AI SUBSCRIPTION, and "
360,2024-11-24,$52.99,SH NASHVILLE - OTHER,https://pub-35015e19c4b442b9af31f1dfd941f47f.r2.dev/receipts/sh_nashville_other_2024-11-24_52_99.jpg,VERIFIED,52.99,"The receipt matches the details provided: Amount: $52.99, Merchant: SH NASHVILLE - OTHER, Date: 2024"
361,2024-11-25,$72.89,CORNER PUB,https://pub-35015e19c4b442b9af31f1dfd941f47f.r2.dev/receipts/corner_pub_2024-11-25_72_89_3.jpg,VERIFIED,$72.89,The receipt matches the provided details.
363,2024-11-25,$26.25,METROPOLIS PARKING,https://pub-35015e19c4b442b9af31f1dfd941f47f.r2.dev/receipts/metropolis_parking_2024-11-25_26_25_3.jpg,VERIFIED,$26.25,"The receipt matches the details provided: Amount is $26.25, Merchant is METROPOLIS PARKING, and Date"
364,2024-11-25,$38.78,SH NASHVILLE - OTHER,https://pub-35015e19c4b442b9af31f1dfd941f47f.r2.dev/receipts/sh_nashville_other_2024-11-25_38_78.jpg,VERIFIED,$38.78,"The receipt matches the provided details: Amount: $38.78, Merchant: SH NASHVILLE - OTHER, Date: 2024"
365,2024-11-26,$26.25,METROPOLIS PARKING,https://pub-35015e19c4b442b9af31f1dfd941f47f.r2.dev/receipts/metropolis_parking_2024-11-26_26_25_3.jpg,VERIFIED,$26.25,"The receipt matches the details provided: Amount is $26.25, Merchant is METROPOLIS PARKING, and Date"
366,2024-11-27,$12.84,PMC - PAID PARKING,https://pub-35015e19c4b442b9af31f1dfd941f47f.r2.dev/receipts/pmc_paid_parking_2024-11-27_12_84.jpg,VERIFIED,12.84,"The image shows a receipt with the following details: Amount: $12.84, Merchant: PMC - PAID PARKING, "
367,2024-11-27,$884.98,SOUTHWES 5262584463367,https://pub-35015e19c4b442b9af31f1dfd941f47f.r2.dev/receipts/southwes_5262584463367_2024-11-27_884_98.jpg,MISMATCH,884.98,Amount on receipt does not match the amount provided in the question.
370,2024-11-30,$100.00,IM-ADA.AI,https://pub-35015e19c4b442b9af31f1dfd941f47f.r2.dev/receipts/im_adaai_2024-11-30_100_0.jpg,MISMATCH,$100.00,The amount on the receipt does not match the expected amount of $100.00.
371,2024-11-30,$32.93,MIDJOURNEY INC.,https://pub-35015e19c4b442b9af31f1dfd941f47f.r2.dev/receipts/midjourney_inc_2024-11-30_32_93.jpg,MISMATCH,32.93,The image provided does not contain a receipt with the specified details. Please provide an actual r
372,2024-12-01,$19.76,EXPENSIFY INC.,https://pub-35015e19c4b442b9af31f1dfd941f47f.r2.dev/receipts/expensify_inc_2024-12-01_19_76_3.jpg,VERIFIED,$19.76,"The receipt matches the details provided: Amount is $19.76, Merchant is EXPENSIFY INC., and Date is "
373,2024-12-02,$11.00,SO PT CATALINA BAR,https://pub-35015e19c4b442b9af31f1dfd941f47f.r2.dev/receipts/so_pt_catalina_bar_2024-12-02_11_00.jpg,MISMATCH,$11.00,The amount on the receipt does not match the expected amount of $11.00.
374,2024-12-02,$12.25,THE URBAN JUICER,https://pub-35015e19c4b442b9af31f1dfd941f47f.r2.dev/receipts/the_urban_juicer_2024-12-02_12_25_3.jpg,VERIFIED,12.25,"The image shows a receipt with the following details: Amount: $12.25, Merchant: THE URBAN JUICER, Da"
375,2024-12-02,$51.07,UBER *TRIP,https://pub-35015e19c4b442b9af31f1dfd941f47f.r2.dev/receipts/uber_trip_2024-12-02_51_07_3.jpg,VERIFIED,$51.07,"The receipt matches the details provided: Amount is $51.07, Merchant is UBER *TRIP, and Date is 2024"
376,2024-12-02,$37.14,UBER *TRIP,https://pub-35015e19c4b442b9af31f1dfd941f47f.r2.dev/receipts/uber_trip_2024-12-02_37_14_3.jpg,VERIFIED,37.14,The image shows a receipt from Uber with the total amount of $37.14. The merchant is listed as 'UBER
377,2024-12-02,$20.14,WENDYS #652,https://pub-35015e19c4b442b9af31f1dfd941f47f.r2.dev/receipts/wendys_652_2024-12-02_20_14.jpg,VERIFIED,$20.14,"The receipt matches the provided details: $20.14 for a transaction at Wendy's #652 on December 2, 20"
378,2024-12-03,$708.64,COSMOPOL-BLUE RIBBON,https://pub-35015e19c4b442b9af31f1dfd941f47f.r2.dev/receipts/cosmopol_blue_ribbon_2024-12-03_708_64.jpg,MISMATCH,708.64,The total amount on the receipt does not match the expected amount.
379,2024-12-03,$31.67,RWLV RW STORE HILTON,https://pub-35015e19c4b442b9af31f1dfd941f47f.r2.dev/receipts/rwlv_rw_store_hilton_2024-12-03_31_67_3.jpg,MISMATCH,31.67,"The receipt shows a total of $31.67, which does not match the amount provided in the question."
380,2024-12-03,$22.37,STARBUCKS 65853,https://pub-35015e19c4b442b9af31f1dfd941f47f.r2.dev/receipts/starbucks_65853_2024-12-03_22_37_3.jpg,UNCLEAR,," ```json
{
    ""verdict"": ""MISMATCH"",
    ""receipt_total"": 22.37,
    ""reason"": ""The image shows a r"
381,2024-12-03,$28.46,UBER *TRIP,https://pub-35015e19c4b442b9af31f1dfd941f47f.r2.dev/receipts/uber_trip_2024-12-03_28_46_3.png,VERIFIED,$28.46,"The image shows a receipt with the following details: Amount: $28.46, Merchant: UBER *TRIP, Date: 20"
382,2024-12-03,$48.15,UBER *TRIP,https://pub-35015e19c4b442b9af31f1dfd941f47f.r2.dev/receipts/uber_trip_2024-12-03_48_15.jpg,VERIFIED,48.15,"The receipt matches the details provided: Amount is $48.15, Merchant is UBER *TRIP, and Date is 2024"
383,2024-12-03,$24.22,UBER *TRIP,https://pub-35015e19c4b442b9af31f1dfd941f47f.r2.dev/receipts/uber_trip_2024-12-03_24_22.jpg,VERIFIED,24.22,"The receipt matches the details provided: Amount: $24.22, Merchant: UBER *TRIP, Date: 2024-12-03."
384,2024-12-04,$37.18,CURB LV TAXI NELLIS,https://pub-35015e19c4b442b9af31f1dfd941f47f.r2.dev/receipts/curb_lv_taxi_nellis_2024-12-04_37_18.jpg,MISMATCH,37.18,The amount on the receipt does not match the expected amount of $37.18.
386,2024-12-04,$75.00,PROFESSIONAL RODEO COWBO,https://pub-35015e19c4b442b9af31f1dfd941f47f.r2.dev/receipts/professional_rodeo_cowbo_2024-12-04_75_0.jpeg,MISMATCH,75.0,The image provided is too blurry to read the details accurately.
388,2024-12-05,$38.82,BONANNOS NY PIZZERIA D,https://pub-35015e19c4b442b9af31f1dfd941f47f.r2.dev/receipts/bonannos_ny_pizzeria_d_2024-12-05_38_82_3.jpg,MISMATCH,$38.82,"The receipt shows a total of $38.82, which does not match the amount provided in the question."
389,2024-12-05,$24.25,CHICK-FIL-A LAS VEGAS,https://pub-35015e19c4b442b9af31f1dfd941f47f.r2.dev/receipts/chick_fil_a_las_vegas_2024-12-05_24_25.jpg,MISMATCH,$24.25,"The receipt shows a total of $24.25, which does not match the amount provided in the question."
391,2024-12-05,$26.50,LAS VEGAS CONVENTION CTR,https://pub-35015e19c4b442b9af31f1dfd941f47f.r2.dev/receipts/las_vegas_convention_ctr_2024-12-05_26_5.jpg,MISMATCH,$26.50,"The receipt does not match the provided details. The total amount on the receipt is $26.50, which do"
393,2024-12-05,$21.51,UBER *TRIP,https://pub-35015e19c4b442b9af31f1dfd941f47f.r2.dev/receipts/uber_trip_2024-12-05_21_51_3.jpg,MISMATCH,$21.51,"The amount on the receipt is $21.51, which does not match the expected total of $169.87."
394,2024-12-06,$33.38,COSMOPOL-BANG BAR,https://pub-35015e19c4b442b9af31f1dfd941f47f.r2.dev/receipts/cosmopol_bang_bar_2024-12-06_33_38.jpg,VERIFIED,$33.38,"The receipt matches the details provided: Amount of $33.38, Merchant name as COSMOPOL-BANG BAR, and "
396,2024-12-06,$18.89,CURB LV TAXI YCS,https://pub-35015e19c4b442b9af31f1dfd941f47f.r2.dev/receipts/curb_lv_taxi_ycs_2024-12-06_18_89_3.jpg,MISMATCH,$18.89,"The receipt shows an amount of $18.89, which does not match the expected total of $18.89."
397,2024-12-06,$43.49,DESERT CAB,https://pub-35015e19c4b442b9af31f1dfd941f47f.r2.dev/receipts/desert_cab_2024-12-06_43_49_3.jpg,MISMATCH,43.49,"The receipt shows a total of $43.49, which does not match the provided amount of $43.49."
398,2024-12-06,$17.55,PORT OF SUBS 0053,https://pub-35015e19c4b442b9af31f1dfd941f47f.r2.dev/receipts/port_of_subs_0053_2024-12-06_17_55_3.jpg,MISMATCH,17.55,The total amount on the receipt does not match the expected amount.
400,2024-12-06,$20.84,UBER *TRIP,https://pub-35015e19c4b442b9af31f1dfd941f47f.r2.dev/receipts/uber_trip_2024-12-06_20_84.jpg,VERIFIED,20.84,"The image shows a receipt with the following details: Amount: $20.84, Merchant: UBER *TRIP, Date: 20"
401,2024-12-06,$54.93,UBER *TRIP,https://pub-35015e19c4b442b9af31f1dfd941f47f.r2.dev/receipts/uber_trip_2024-12-06_54_93.jpg,VERIFIED,$54.93,"The image shows a receipt from Uber with the total amount of $54.93, which matches the provided deta"
402,2024-12-06,$35.21,UBER *TRIP,https://pub-35015e19c4b442b9af31f1dfd941f47f.r2.dev/receipts/uber_trip_2024-12-06_35_21_3.jpg,MISMATCH,$35.21,"The amount on the receipt is $35.21, which does not match the expected total of $36.21."
406,2024-12-07,$1142.43,GOLDEN NUGGET HOTEL LV,https://pub-35015e19c4b442b9af31f1dfd941f47f.r2.dev/receipts/golden_nugget_hotel_lv_2024-12-07_1142_43.png,MISMATCH,$1142.43,"The image shows a receipt with the total amount as $1142.43, but the text in the image does not matc"
407,2024-12-07,$355.00,HOTELTONIGHT*VIRGIN HO,https://pub-35015e19c4b442b9af31f1dfd941f47f.r2.dev/receipts/hoteltonightvirgin_ho_2024-12-07_355_0.png,MISMATCH,355.0,The image provided does not contain a receipt with the specified details. It appears to be a screens
409,2024-12-07,$664.98,SOUTHWES 5262587584631,https://pub-35015e19c4b442b9af31f1dfd941f47f.r2.dev/receipts/southwes_5262587584631_2024-12-07_664_98.jpg,VERIFIED,664.98,"The image shows a receipt with the following details: Amount: $664.98, Merchant: SOUTHWEST AIRLINES,"
410,2024-12-07,$34.68,UBER *TRIP,https://pub-35015e19c4b442b9af31f1dfd941f47f.r2.dev/receipts/uber_trip_2024-12-07_34_68.png,VERIFIED,$34.68,"The image shows a receipt with the following details: Amount: $34.68, Merchant: UBER *TRIP, Date: 20"
411,2024-12-07,$40.60,VHLV-CHOW FUN,https://pub-35015e19c4b442b9af31f1dfd941f47f.r2.dev/receipts/vhlv_chow_fun_2024-12-07_40_6.jpg,MISMATCH,40.6,"The amount on the receipt is $40.6, which does not match the total of $19.8 as expected."
412,2024-12-08,$10.00,CALENDARBRIDGE,https://pub-35015e19c4b442b9af31f1dfd941f47f.r2.dev/receipts/calendarbridge_2024-12-08_10_0.jpg,VERIFIED,10.0,"The image shows a receipt with the following details: Amount: $10.00, Merchant: CALENDARBRIDGE, Date"
413,2024-12-08,$13.13,SPOTIFY USA,https://pub-35015e19c4b442b9af31f1dfd941f47f.r2.dev/receipts/spotify_usa_2024-12-08_13_13_3.jpg,MISMATCH,$13.13,The image provided does not contain a receipt with the specified details. It appears to be a screens
414,2024-12-08,$35.00,VHLV-KITCHEN AT COMMON,https://pub-35015e19c4b442b9af31f1dfd941f47f.r2.dev/receipts/vhlv_kitchen_at_common_2024-12-08_35_0.jpg,MISMATCH,35.0,"The receipt does not match the given details. The amount is $35.00, but the merchant listed is 'VHLV"
416,2024-12-09,$34.07,UBER *TRIP,https://pub-35015e19c4b442b9af31f1dfd941f47f.r2.dev/receipts/uber_trip_2024-12-09_34_07_3.jpg,MISMATCH,$49.07,"The total amount on the receipt is $49.07, which does not match the expected amount of $34.07."
417,2024-12-09,$46.83,UBER *TRIP,https://pub-35015e19c4b442b9af31f1dfd941f47f.r2.dev/receipts/uber_trip_2024-12-09_46_83.jpg,VERIFIED,46.83,The image shows a receipt from Uber with the total amount of $46.83. The merchant is listed as 'UBER
418,2024-12-12,$21.00,METROPOLIS PARKING,https://pub-35015e19c4b442b9af31f1dfd941f47f.r2.dev/receipts/metropolis_parking_2024-12-12_21_0.jpg,VERIFIED,21.0,"The receipt matches the details provided: Amount: $21.00, Merchant: METROPOLIS PARKING, Date: 2024-1"
419,2024-12-12,$15.51,SH NASHVILLE - OTHER,https://pub-35015e19c4b442b9af31f1dfd941f47f.r2.dev/receipts/sh_nashville_other_2024-12-12_15_51.png,MISMATCH,15.5,"The total on the receipt is $15.50, which does not match the amount provided in the JSON."
445,2024-12-30,$51.30,LITTLE CAESARS 1890-0003,https://pub-35015e19c4b442b9af31f1dfd941f47f.r2.dev/receipts/little_caesars_1890_0003_2024-12-30_51_3.jpg,VERIFIED,$51.30,"The receipt matches the provided details: Amount is $51.30, Merchant is LITTLE CAESARS 1890-0003, an"
446,2024-12-30,$32.93,MIDJOURNEY INC.,https://pub-35015e19c4b442b9af31f1dfd941f47f.r2.dev/receipts/midjourney_inc_2024-12-30_32_93.jpg,VERIFIED,$32.93,Amount and merchant match the provided values.
447,2025-01-01,$19.76,EXPENSIFY INC.,https://pub-35015e19c4b442b9af31f1dfd941f47f.r2.dev/receipts/expensify_inc_2025-01-01_19_76_3.jpg,VERIFIED,$19.76,The receipt matches the provided details.
448,2025-01-04,$78.36,DEL FRISCOS GRIL BRNTWOD,https://pub-35015e19c4b442b9af31f1dfd941f47f.r2.dev/receipts/del_friscos_gril_brntwod_2025-01-04_78_36.jpg,MISMATCH,$78.36,The amount on the receipt does not match the expected total of $78.36.
449,2025-01-04,$65.88,DEL FRISCOS GRIL BRNTWOD,https://pub-35015e19c4b442b9af31f1dfd941f47f.r2.dev/receipts/del_friscos_gril_brntwod_2025-01-04_65_88.jpg,MISMATCH,65.88,The amount on the receipt does not match the expected total of $65.88.
461,2025-01-08,$24.56,TST*DICEYS TAVERN - NAS,https://pub-35015e19c4b442b9af31f1dfd941f47f.r2.dev/receipts/tstdiceys_tavern_nas_2025-01-08_24_56.png,VERIFIED,24.56,"The receipt matches the details provided: Amount of $24.56, Merchant as TST*DICEYS TAVERN - NAS, and"
462,2025-01-09,$21.00,METROPOLIS PARKING,https://pub-35015e19c4b442b9af31f1dfd941f47f.r2.dev/receipts/metropolis_parking_2025-01-09_21_0.jpg,VERIFIED,$21.00,"The receipt matches the details provided: Amount is $21.00, Merchant is METROPOLIS PARKING, and Date"
463,2025-01-09,$23.21,PMC - PAID PARKING,https://pub-35015e19c4b442b9af31f1dfd941f47f.r2.dev/receipts/pmc_paid_parking_2025-01-09_23_21.png,VERIFIED,23.21,The image shows a receipt with the following details: Amount: $23.21; Merchant: PMC - PAID PARKING; 
466,2025-01-13,$9.00,SOURCEGRAPH INC,https://pub-35015e19c4b442b9af31f1dfd941f47f.r2.dev/receipts/sourcegraph_inc_2025-01-13_9_0.jpg,MISMATCH,$9.00,Amount does not match the expected $6.95
467,2025-01-14,$5.00,CLOUDFLARE,https://pub-35015e19c4b442b9af31f1dfd941f47f.r2.dev/receipts/cloudflare_2025-01-14_5_0.jpg,MISMATCH,5.0,The image provided does not contain a receipt with the specified details. It appears to be an error 
468,2025-01-14,$9.73,METROPOLIS PARKING,https://pub-35015e19c4b442b9af31f1dfd941f47f.r2.dev/receipts/metropolis_parking_2025-01-14_9_73_3.jpg,VERIFIED,9.73,The image shows a receipt with the following details: Amount: $9.73; Merchant: METROPOLIS PARKING; D
469,2025-01-14,$26.22,PMC - PAID PARKING,https://pub-35015e19c4b442b9af31f1dfd941f47f.r2.dev/receipts/pmc_paid_parking_2025-01-14_26_22.jpg,MISMATCH,26.22,"The amount on the receipt is $26.22, which does not match the total of $19.80 as shown in the image."
470,2025-01-15,$4.84,CLOUDFLARE,https://pub-35015e19c4b442b9af31f1dfd941f47f.r2.dev/receipts/cloudflare_2025-01-15_4_84.jpg,VERIFIED,4.84,"The image shows a receipt with the following details: Amount: $4.84, Merchant: CLOUDFLARE, Date: 202"
471,2025-01-15,$50.28,JERSEY MIKES ONLINE UC,https://pub-35015e19c4b442b9af31f1dfd941f47f.r2.dev/receipts/jersey_mikes_online_uc_2025-01-15_50_28_3.jpg,MISMATCH,$50.28,"The amount on the receipt is $50.28, which does not match the expected total of $50.28."
474,2025-01-16,$78.00,TST* MELROSE BILLIARD PAR,https://pub-35015e19c4b442b9af31f1dfd941f47f.r2.dev/receipts/tst_melrose_billiard_par_2025-01-16_78_0.jpg,MISMATCH,78.0,The amount on the receipt does not match the expected total of $78.00.
475,2025-01-17,$26.25,METROPOLIS PARKING,https://pub-35015e19c4b442b9af31f1dfd941f47f.r2.dev/receipts/metropolis_parking_2025-01-17_26_25_3.jpg,VERIFIED,26.25,The image shows a receipt with the following details: Amount: $26.25; Merchant: METROPOLIS PARKING; 
476,2025-01-18,$160.00,CHARTMETRIC,https://pub-35015e19c4b442b9af31f1dfd941f47f.r2.dev/receipts/chartmetric_2025-01-18_160_0.jpg,VERIFIED,$160.00,"The image provided shows a receipt with the following details: Amount: $160.00, Merchant: CHARTMETRI"
477,2025-01-18,$10.23,METROPOLIS PARKING,https://pub-35015e19c4b442b9af31f1dfd941f47f.r2.dev/receipts/metropolis_parking_2025-01-18_10_23_3.jpg,VERIFIED,$10.23,"The receipt matches the details provided: Amount: $10.23, Merchant: METROPOLIS PARKING, Date: 2025-0"
479,2025-01-21,$7.76,SH NASHVILLE - OTHER,https://pub-35015e19c4b442b9af31f1dfd941f47f.r2.dev/receipts/sh_nashville_other_2025-01-21_7_76.png,VERIFIED,7.76,"The image shows a receipt with the following details: Amount: $7.76, Merchant: SH NASHVILLE - OTHER,"
480,2025-01-21,$45.24,SH NASHVILLE - OTHER,https://pub-35015e19c4b442b9af31f1dfd941f47f.r2.dev/receipts/sh_nashville_other_2025-01-21_45_24.PNG,MISMATCH,45.24,The amount on the receipt does not match the expected total of $45.24.
481,2025-01-21,$15.51,SH NASHVILLE - OTHER,https://pub-35015e19c4b442b9af31f1dfd941f47f.r2.dev/receipts/sh_nashville_other_2025-01-21_15_51.jpg,VERIFIED,$15.51,"The receipt matches the details provided: Amount: $15.51, Merchant: SH NASHVILLE - OTHER, Date: 2025"
483,2025-01-22,$26.25,METROPOLIS PARKING,https://pub-35015e19c4b442b9af31f1dfd941f47f.r2.dev/receipts/metropolis_parking_2025-01-22_26_25_3.jpg,VERIFIED,$26.25,"The receipt matches the details provided: Amount: $26.25, Merchant: METROPOLIS PARKING, Date: 2025-0"
484,2025-01-22,$52.99,SH NASHVILLE - OTHER,https://pub-35015e19c4b442b9af31f1dfd941f47f.r2.dev/receipts/sh_nashville_other_2025-01-22_52_99.PNG,VERIFIED,52.99,"The image shows a receipt with the following details: Amount: $52.99, Merchant: SH NASHVILLE - OTHER"
485,2025-01-22,$7.76,SH NASHVILLE - OTHER,https://pub-35015e19c4b442b9af31f1dfd941f47f.r2.dev/receipts/sh_nashville_other_2025-01-22_7_76.png,MISMATCH,7.76,Amount does not match the expected value of $7.76.
486,2025-01-23,$26.25,METROPOLIS PARKING,https://pub-35015e19c4b442b9af31f1dfd941f47f.r2.dev/receipts/metropolis_parking_2025-01-23_26_25_3.jpg,VERIFIED,$26.25,"The receipt matches the details provided: Amount: $26.25, Merchant: METROPOLIS PARKING, Date: 2025-0"
487,2025-01-24,$21.95,CLAUDE.AI SUBSCRIPTION,https://pub-35015e19c4b442b9af31f1dfd941f47f.r2.dev/receipts/claudeai_subscription_2025-01-24_21_95.jpg,MISMATCH,21.95,"The amount on the receipt is $21.95, which does not match the expected total of $21.95."
488,2025-01-24,$35.00,PIKA.ART,https://pub-35015e19c4b442b9af31f1dfd941f47f.r2.dev/receipts/pikaart_2025-01-24_35_0.jpg,VERIFIED,35.0,"The image shows a receipt with the following details: Amount: $35.00, Merchant: PIKA.ART, Date: 2025"
489,2025-01-25,$44.25,SHOEBOXED.COM,https://pub-35015e19c4b442b9af31f1dfd941f47f.r2.dev/receipts/shoeboxedcom_2025-01-25_44_25.jpg,MISMATCH,44.25,The image provided does not contain a receipt with the specified details. It appears to be an advert
490,2025-01-29,$12.72,UBER *TRIP,https://pub-35015e19c4b442b9af31f1dfd941f47f.r2.dev/receipts/uber_trip_2025-01-29_12_72_3.jpg,VERIFIED,$12.72,"The receipt matches the details provided: Amount of $12.72, Merchant as UBER *TRIP, and Date of 2025"
491,2025-01-30,$32.93,MIDJOURNEY INC.,https://pub-35015e19c4b442b9af31f1dfd941f47f.r2.dev/receipts/midjourney_inc_2025-01-30_32_93.jpg,VERIFIED,$32.93,Amount and merchant match the provided values.
492,2025-01-30,$59.62,UBER *TRIP,https://pub-35015e19c4b442b9af31f1dfd941f47f.r2.dev/receipts/uber_trip_2025-01-30_59_62.jpg,VERIFIED,59.62,The image shows a receipt from Uber with the total amount of $59.62. The merchant is listed as 'UBER
493,2025-02-01,$19.76,EXPENSIFY INC.,https://pub-35015e19c4b442b9af31f1dfd941f47f.r2.dev/receipts/expensify_inc_2025-02-01_19_76_3.jpg,VERIFIED,$19.76,"The receipt matches the details provided: Amount is $19.76, Merchant is EXPENSIFY INC., and Date is "
497,2025-02-05,$15.99,METROPOLIS PARKING,https://pub-35015e19c4b442b9af31f1dfd941f47f.r2.dev/receipts/metropolis_parking_2025-02-05_15_99_3.jpg,VERIFIED,15.99,"The receipt matches the details provided: Amount: $15.99, Merchant: METROPOLIS PARKING, Date: 2025-0"
498,2025-02-05,$8.40,PMC - PAID PARKING,https://pub-35015e19c4b442b9af31f1dfd941f47f.r2.dev/receipts/pmc_paid_parking_2025-02-05_8_40.jpg,VERIFIED,$8.40,"The receipt matches the details provided: Amount of $8.40, Merchant as PMC - PAID PARKING, and Date "
499,2025-02-05,$65.86,SH NASHVILLE F&AMP;B,https://pub-35015e19c4b442b9af31f1dfd941f47f.r2.dev/receipts/sh_nashville_fampb_2025-02-05_65_86.jpg,MISMATCH,$65.86,"The total amount on the receipt is $65.86, which does not match the expected total of $65.86."
500,2025-02-05,$105.38,TST*BROWNS DINER,https://pub-35015e19c4b442b9af31f1dfd941f47f.r2.dev/receipts/tstbrowns_diner_2025-02-05_105_38.jpg,MISMATCH,$105.38,"The receipt shows an amount of $105.38, which does not match the provided total of $105.38."
502,2025-02-07,$19.37,CHAR GREEN HILLS,https://pub-35015e19c4b442b9af31f1dfd941f47f.r2.dev/receipts/char_green_hills_2025-02-07_19_37_3.jpg,MISMATCH,19.37,"The receipt shows a total of $19.37, which does not match the amount provided in the question."
504,2025-02-07,$38.73,FIRST WATCH - 0462,https://pub-35015e19c4b442b9af31f1dfd941f47f.r2.dev/receipts/first_watch_0462_2025-02-07_38_73.jpg,MISMATCH,$38.73,The amount on the receipt does not match the expected total of $38.73.
505,2025-02-07,$17.29,PMC - PAID PARKING,https://pub-35015e19c4b442b9af31f1dfd941f47f.r2.dev/receipts/pmc_paid_parking_2025-02-07_17_29.png,VERIFIED,17.29,The image shows a receipt with the following details: Amount: $17.29; Merchant: PMC - PAID PARKING; 
506,2025-02-07,$12.35,PMC - PAID PARKING,https://pub-35015e19c4b442b9af31f1dfd941f47f.r2.dev/receipts/pmc_paid_parking_2025-02-07_12_35.png,VERIFIED,12.35,The image shows a receipt with the following details: Amount: $12.35; Merchant: PMC - PAID PARKING; 
507,2025-02-08,$10.00,CALENDARBRIDGE,https://pub-35015e19c4b442b9af31f1dfd941f47f.r2.dev/receipts/calendarbridge_2025-02-08_10_0.jpg,VERIFIED,10.0,"The image shows a receipt with the following details: Amount: $10.00, Merchant: CALENDARBRIDGE, Date"
508,2025-02-08,$13.13,SPOTIFY USA,https://pub-35015e19c4b442b9af31f1dfd941f47f.r2.dev/receipts/spotify_usa_2025-02-08_13_13_3.jpg,VERIFIED,13.13,"The receipt matches the details provided: Amount is $13.13, Merchant is SPOTIFY USA, and Date is 202"
509,2025-02-11,$24.05,4289 TONY &AMP; BENNYS,https://pub-35015e19c4b442b9af31f1dfd941f47f.r2.dev/receipts/4289_tony_amp_bennys_2025-02-11_24_05_3.jpg,VERIFIED,$24.05,The receipt matches the provided details.
510,2025-02-11,$44.75,ARTHOUSE HOTEL NEW YORK C,https://pub-35015e19c4b442b9af31f1dfd941f47f.r2.dev/receipts/arthouse_hotel_new_york_c_2025-02-11_44_75_3.jpg,VERIFIED,44.75,The image shows a receipt with the following details: Amount: $44.75; Merchant: ARTHOUSE HOTEL NEW Y
512,2025-02-11,$14.24,SQ *BREADS BAKERY UPPER E,https://pub-35015e19c4b442b9af31f1dfd941f47f.r2.dev/receipts/sq_breads_bakery_upper_e_2025-02-11_14_24_3.jpg,VERIFIED,14.24,The receipt matches the provided details.
525,2025-02-13,$9.00,SOURCEGRAPH INC,https://pub-35015e19c4b442b9af31f1dfd941f47f.r2.dev/receipts/sourcegraph_inc_2025-02-13_9_0.jpg,VERIFIED,$9.00,The receipt matches the provided details.
526,2025-02-14,$10.00,CLOUDFLARE,https://pub-35015e19c4b442b9af31f1dfd941f47f.r2.dev/receipts/cloudflare_2025-02-14_10_0.jpg,MISMATCH,0.0,The image provided does not contain a receipt with the specified details.
527,2025-02-14,$55.95,UBER *TRIP,https://pub-35015e19c4b442b9af31f1dfd941f47f.r2.dev/receipts/uber_trip_2025-02-14_55_95_3.jpg,VERIFIED,55.95,The image shows a receipt from Uber with the total amount of $55.95. The merchant is listed as 'UBER
533,2025-02-18,$57.62,UBER *TRIP,https://pub-35015e19c4b442b9af31f1dfd941f47f.r2.dev/receipts/uber_trip_2025-02-18_57_62.jpg,MISMATCH,6.79,"The total amount on the receipt is $6.79, which does not match the expected amount of $57.62."
535,2025-02-20,$7.79,SH NASHVILLE - OTHER,https://pub-35015e19c4b442b9af31f1dfd941f47f.r2.dev/receipts/sh_nashville_other_2025-02-20_7_79.PNG,VERIFIED,7.79,"The receipt matches the details provided: Amount of $7.79, Merchant name SH NASHVILLE - OTHER, and D"
536,2025-02-20,$261.61,SH NASHVILLE F&AMP;B,https://pub-35015e19c4b442b9af31f1dfd941f47f.r2.dev/receipts/sh_nashville_fampb_2025-02-20_261_61.jpg,MISMATCH,$261.61,"The amount on the receipt is $261.61, which does not match the expected total of $261.61."
540,2025-02-25,$44.25,SHOEBOXED.COM,https://pub-35015e19c4b442b9af31f1dfd941f47f.r2.dev/receipts/shoeboxedcom_2025-02-25_44_25_3.jpg,VERIFIED,44.25,The image shows a receipt with the following details: Amount: $44.25; Merchant: SHOEBOXED.COM; Date:
543,2025-02-26,$65.36,CORNER PUB,https://pub-35015e19c4b442b9af31f1dfd941f47f.r2.dev/receipts/corner_pub_2025-02-26_65_36.jpg,VERIFIED,$65.36,The receipt matches the provided details.
547,2025-02-26,$85.64,SH NASHVILLE - OTHER,https://pub-35015e19c4b442b9af31f1dfd941f47f.r2.dev/receipts/sh_nashville_other_2025-02-26_85_64.jpg,MISMATCH,$85.64,"The total on the receipt is $85.64, which does not match the amount provided in the JSON."
549,2025-02-28,$9.73,METROPOLIS PARKING,https://pub-35015e19c4b442b9af31f1dfd941f47f.r2.dev/receipts/metropolis_parking_2025-02-28_9_73_3.jpg,VERIFIED,$9.73,"The receipt matches the details provided: Amount is $9.73, Merchant is METROPOLIS PARKING, and Date "
550,2025-02-28,$32.93,MIDJOURNEY INC.,https://pub-35015e19c4b442b9af31f1dfd941f47f.r2.dev/receipts/midjourney_inc_2025-02-28_32_93.jpg,MISMATCH,32.93,The image provided does not show the total amount as $32.93.
558,2025-03-06,$26.18,PMC - PAID PARKING,https://pub-35015e19c4b442b9af31f1dfd941f47f.r2.dev/receipts/pmc_paid_parking_2025-03-06_26_18.png,VERIFIED,26.18,"The image shows a receipt with the following details: Amount: $26.18, Merchant: PMC - PAID PARKING, "
559,2025-03-06,$29.63,PMC - PAID PARKING,https://pub-35015e19c4b442b9af31f1dfd941f47f.r2.dev/receipts/pmc_paid_parking_2025-03-06_29_63.jpg,VERIFIED,29.63,"The image shows a receipt with the following details: Amount: $29.63, Merchant: PMC - PAID PARKING, "
560,2025-03-06,$49.31,SH NASHVILLE - OTHER,https://pub-35015e19c4b442b9af31f1dfd941f47f.r2.dev/receipts/sh_nashville_other_2025-03-06_49_31.PNG,VERIFIED,49.31,"The receipt matches the details provided: Amount: $49.31, Merchant: SH NASHVILLE - OTHER, Date: 2025"
561,2025-03-06,$23.36,SH NASHVILLE - OTHER,https://pub-35015e19c4b442b9af31f1dfd941f47f.r2.dev/receipts/sh_nashville_other_2025-03-06_23_36.jpg,VERIFIED,$23.36,"The image shows a receipt with the following details: Amount: $23.36, Merchant: SH NASHVILLE - OTHER"
562,2025-03-06,$30.92,TST* JUST LOVE COFFEE - M,https://pub-35015e19c4b442b9af31f1dfd941f47f.r2.dev/receipts/tst_just_love_coffee_m_2025-03-06_30_92.jpg,VERIFIED,30.92,The image shows a receipt with the following details: Amount: $30.92; Merchant: TST* JUST LOVE COFFE
566,2025-03-07,$4.88,LAZ PARKING M32180-FLOWB,https://pub-35015e19c4b442b9af31f1dfd941f47f.r2.dev/receipts/laz_parking_m32180_flowb_2025-03-07_4_88.jpg,MISMATCH,4.88,The amount on the receipt does not match the expected total of $4.88.
567,2025-03-08,$10.00,CALENDARBRIDGE,https://pub-35015e19c4b442b9af31f1dfd941f47f.r2.dev/receipts/calendarbridge_2025-03-08_10_0.jpg,VERIFIED,10.0,"The receipt matches the details provided: Amount is $10.00, Merchant is CALENDARBRIDGE, and Date is "
568,2025-03-08,$13.13,SPOTIFY USA,https://pub-35015e19c4b442b9af31f1dfd941f47f.r2.dev/receipts/spotify_usa_2025-03-08_13_13_3.jpg,VERIFIED,$13.13,"The image shows a receipt with the following details: Amount: $13.13, Merchant: SPOTIFY USA, Date: 2"
598,2025-03-29,$47.88,ELEMENTOR.COM,https://pub-35015e19c4b442b9af31f1dfd941f47f.r2.dev/receipts/elementor-invoice-ZINV00318467.jpg,VERIFIED,$47.88,"The receipt matches the provided details: Amount is $47.88, Merchant is ELEMENTOR.COM, and Date is 2"
600,2025-03-30,$32.93,MIDJOURNEY INC.,https://pub-35015e19c4b442b9af31f1dfd941f47f.r2.dev/receipts/midjourney_inc_2025-03-30_32_93.jpg,VERIFIED,$32.93,Amount and merchant match the provided details.
602,2025-03-31,$21.00,METROPOLIS PARKING,https://pub-35015e19c4b442b9af31f1dfd941f47f.r2.dev/receipts/metropolis_parking_2025-03-31_21_0.jpg,VERIFIED,$21.00,"The receipt matches the details provided: Amount is $21.00, Merchant is METROPOLIS PARKING, and Date"
603,2025-03-31,$36.88,SH NASHVILLE F&AMP;B,https://pub-35015e19c4b442b9af31f1dfd941f47f.r2.dev/receipts/sh_nashville_fampb_2025-03-31_36_88.jpg,VERIFIED,36.88,The receipt matches the provided details.
604,2025-04-01,$27.44,ANTHROPIC,https://pub-35015e19c4b442b9af31f1dfd941f47f.r2.dev/receipts/anthropic_2025-04-01_27_44.jpg,VERIFIED,27.44,Amount and merchant match the provided details.
605,2025-04-01,$19.76,EXPENSIFY INC.,https://pub-35015e19c4b442b9af31f1dfd941f47f.r2.dev/receipts/expensify_inc_2025-04-01_19_76_3.jpg,VERIFIED,$19.76,The receipt matches the details provided.
629,2025-04-12,$318.28,KIT.COM,https://pub-35015e19c4b442b9af31f1dfd941f47f.r2.dev/receipts/kitcom_2025-04-12_318_28.jpg,MISMATCH,$318.28,"The amount on the receipt is $318.28, which does not match the expected total of $306.28."
631,2025-04-12,$11.27,TST*WHITE RHINO COFFEE -,https://pub-35015e19c4b442b9af31f1dfd941f47f.r2.dev/receipts/tstwhite_rhino_coffee_2025-04-12_11_27.jpg,MISMATCH,11.27,"The receipt shows a total of $11.27, which does not match the amount provided in the question."
636,2025-04-13,$25.05,DD *DOORDASH BROTHERSP,https://pub-35015e19c4b442b9af31f1dfd941f47f.r2.dev/receipts/dd_doordash_brothersp_2025-04-13_25_05_3.jpg,VERIFIED,$25.05,"The image shows a receipt with the following details: Amount: $25.05, Merchant: DD *DOORDASH BROTHER"
639,2025-04-13,$9.00,SOURCEGRAPH INC,https://pub-35015e19c4b442b9af31f1dfd941f47f.r2.dev/receipts/sourcegraph_inc_2025-04-13_9_0.jpg,VERIFIED,$9.00,"The receipt matches the given details: Amount: $9.00, Merchant: SOURCEGRAPH INC, Date: 2025-04-13"
641,2025-04-14,$10.00,CLOUDFLARE,https://pub-35015e19c4b442b9af31f1dfd941f47f.r2.dev/receipts/cloudflare_2025-04-14_10_0.jpg,MISMATCH,0.0,The image provided does not contain a receipt with the specified details.
652,2025-04-22,$9.00,HUGGINGFACE,https://pub-35015e19c4b442b9af31f1dfd941f47f.r2.dev/receipts/huggingface_2025-04-22_9_0.jpg,VERIFIED,$9.00,"The receipt matches the provided details: Amount: $9.00, Merchant: HUGGINGFACE, Date: 2025-04-22"
654,2025-04-24,$21.95,CLAUDE.AI SUBSCRIPTION,https://pub-35015e19c4b442b9af31f1dfd941f47f.r2.dev/receipts/claudeai_subscription_2025-04-24_21_95.jpg,VERIFIED,21.95,"The receipt matches the details provided: Amount: $21.95, Merchant: CLAUDE.AI SUBSCRIPTION, Date: 20"
667,2025-04-30,$5.00,EVERY STUDIO,https://pub-35015e19c4b442b9af31f1dfd941f47f.r2.dev/receipts/every_studio_2025-04-30_5_0.jpg,VERIFIED,$5.00,"The receipt matches the given details: Amount is $5.00, Merchant is EVERY STUDIO, and Date is 2025-0"
668,2025-04-30,$32.93,MIDJOURNEY INC.,https://pub-35015e19c4b442b9af31f1dfd941f47f.r2.dev/receipts/midjourney_inc_2025-04-30_32_93.jpg,VERIFIED,$32.93,The receipt matches the provided details.
669,2025-04-30,$62.28,SH NASHVILLE - OTHER,https://pub-35015e19c4b442b9af31f1dfd941f47f.r2.dev/receipts/sh_nashville_other_2025-04-30_62_28.jpg,VERIFIED,$62.28,"The receipt matches the details provided: Amount is $62.28, Merchant is SH NASHVILLE - OTHER, and Da"
670,2025-04-30,$7.67,SH NASHVILLE - OTHER,https://pub-35015e19c4b442b9af31f1dfd941f47f.r2.dev/receipts/sh_nashville_other_2025-04-30_7_67.PNG,VERIFIED,7.67,"The image provided shows a receipt with the following details: Amount: $7.67, Merchant: SH NASHVILLE"
671,2025-04-30,$7.79,SH NASHVILLE - OTHER,https://pub-35015e19c4b442b9af31f1dfd941f47f.r2.dev/receipts/sh_nashville_other_2025-04-30_7_79.PNG,VERIFIED,7.79,"The receipt matches the details provided: Amount is $7.79, Merchant is SH NASHVILLE - OTHER, and Dat"
672,2025-05-01,$19.76,EXPENSIFY INC.,https://pub-35015e19c4b442b9af31f1dfd941f47f.r2.dev/receipts/expensify_inc_2025-05-01_19_76_3.jpg,VERIFIED,$19.76,"The image shows a receipt with the following details: Amount: $19.76, Merchant: EXPENSIFY INC., Date"
674,2025-05-02,$54.90,ANTHROPIC,https://pub-35015e19c4b442b9af31f1dfd941f47f.r2.dev/receipts/anthropic_2025-05-02_54_9.jpg,VERIFIED,54.9,"The image shows a receipt with the following details: Amount: $54.9, Merchant: ANTHROPIC, Date: 2025"
681,2025-05-08,$10.00,CALENDARBRIDGE,https://pub-35015e19c4b442b9af31f1dfd941f47f.r2.dev/receipts/calendarbridge_2025-05-08_10_0.jpg,VERIFIED,10.0,"The image shows a receipt with the following details: Amount: $10.00, Merchant: CALENDARBRIDGE, Date"
682,2025-05-08,$13.13,SPOTIFY USA,https://pub-35015e19c4b442b9af31f1dfd941f47f.r2.dev/receipts/spotify_usa_2025-05-08_13_13.jpg,MISMATCH,$13.13,The image provided does not match the details you have specified. The receipt shows a total of $13.1
683,2025-05-09,$7.38,LAZ PARKING M32180-FLOWB,https://pub-35015e19c4b442b9af31f1dfd941f47f.r2.dev/receipts/laz_parking_m32180_flowb_2025-05-09_7_38.jpg,VERIFIED,$7.38,The receipt matches the provided details.
684,2025-05-09,$28.45,VIRGIN HOTEL - COMMONS,https://pub-35015e19c4b442b9af31f1dfd941f47f.r2.dev/receipts/virgin_hotel_commons_2025-05-09_28_45.jpg,VERIFIED,28.45,"The image shows a receipt for a stay at the Virgin Hotel in Las Vegas. The total amount is $28.45, w"
685,2025-05-10,$20.00,VZWRLSS*PREPAID PYMNT,https://pub-35015e19c4b442b9af31f1dfd941f47f.r2.dev/receipts/vzwrlssprepaid_pymnt_2025-05-10_20_0.jpg,MISMATCH,20.0,The image provided does not contain a receipt with the specified details. It appears to be an image 
687,2025-05-13,$9.00,SOURCEGRAPH INC,https://pub-35015e19c4b442b9af31f1dfd941f47f.r2.dev/receipts/sourcegraph_inc_2025-05-13_9_0.jpg,VERIFIED,$9.00,The receipt matches the specified amount and merchant.
688,2025-05-13,$120.00,TASKADE,https://pub-35015e19c4b442b9af31f1dfd941f47f.r2.dev/receipts/taskade_2025-05-13_120_0.jpg,VERIFIED,$120.00,"The image shows a receipt with the following details: Amount: $120.00, Merchant: TASKADE, Date: 2025"
690,2025-05-14,$10.00,CLOUDFLARE,https://pub-35015e19c4b442b9af31f1dfd941f47f.r2.dev/receipts/cloudflare_2025-05-14_10_0.jpg,VERIFIED,10.0,"The image shows a receipt with the following details: Amount: $10.00, Merchant: CLOUDFLARE, Date: 20"
691,2025-05-14,$49.00,RESPONSIVE-MENU-PRO-4,https://pub-35015e19c4b442b9af31f1dfd941f47f.r2.dev/receipts/responsive_menu_pro_4_2025-05-14_49_0.jpg,MISMATCH,$49.00,"The amount on the receipt is $50.00, which does not match the expected total of $49.00."
694,2025-05-15,$60.00,AI.FYXER.COM,https://pub-35015e19c4b442b9af31f1dfd941f47f.r2.dev/receipts/aifyxercom_2025-05-15_60_0.jpg,MISMATCH,60.0,The image provided is a screenshot of an email with a receipt attached. The total amount on the rece
695,2025-05-15,$54.86,ELEMENTOR.COM,https://pub-35015e19c4b442b9af31f1dfd941f47f.r2.dev/receipts/elementorcom_2025-05-15_54_86.jpg,MISMATCH,54.86,"The image provided is a screenshot of an email with a receipt attached, which contains a watermark a"
702,2025-05-23,$9.00,HUGGINGFACE,https://pub-35015e19c4b442b9af31f1dfd941f47f.r2.dev/receipts/huggingface_2025-05-23_9_0.jpg,MISMATCH,9.0,The amount on the receipt does not match the expected total of $9.00.
703,2025-05-24,$21.95,CLAUDE.AI SUBSCRIPTION,https://pub-35015e19c4b442b9af31f1dfd941f47f.r2.dev/receipts/claudeai_subscription_2025-05-24_21_95.jpg,VERIFIED,$21.95,"The image shows a receipt with the following details: Amount: $21.95, Merchant: CLAUDE.AI SUBSCRIPTI"
705,2025-05-26,$9.99,COWBOY CHANNEL PLUS,https://pub-35015e19c4b442b9af31f1dfd941f47f.r2.dev/receipts/cowboy_channel_plus_2025-05-26_9_99_3.jpg,MISMATCH,$9.99,The amount on the receipt does not match the expected total.
710,2025-05-30,$5.00,EVERY STUDIO,https://pub-35015e19c4b442b9af31f1dfd941f47f.r2.dev/receipts/every_studio_2025-05-30_5_0.jpg,VERIFIED,5.0,"The image shows a receipt with the following details: Amount: $5.00, Merchant: EVERY STUDIO, Date: 2"
711,2025-05-30,$32.93,MIDJOURNEY INC.,https://pub-35015e19c4b442b9af31f1dfd941f47f.r2.dev/receipts/midjourney_inc_2025-05-30_32_93.jpg,VERIFIED,$32.93,The receipt matches the provided details.
713,2025-05-31,$65.84,DASHLANE U* DASHLANE P,https://pub-35015e19c4b442b9af31f1dfd941f47f.r2.dev/receipts/dashlane_u_dashlane_p_2025-05-31_65_84_3.jpg,VERIFIED,65.84,"The image provided shows a receipt with the following details: Amount: $65.84, Merchant: DASHLANE U*"
716,2025-06-01,$19.76,EXPENSIFY INC.,https://pub-35015e19c4b442b9af31f1dfd941f47f.r2.dev/receipts/expensify_inc_2025-06-01_19_76_3.jpg,VERIFIED,$19.76,"The receipt matches the details provided: Amount is $19.76, Merchant is EXPENSIFY INC., and Date is "
719,2025-06-04,$79.25,CORNER PUB,https://pub-35015e19c4b442b9af31f1dfd941f47f.r2.dev/receipts/corner_pub_2025-06-04_79_25_3.jpg,VERIFIED,79.25,"The receipt matches the provided details: Amount is $79.25, Merchant is CORNER PUB, and Date is 2025"
724,2025-06-08,$10.00,CALENDARBRIDGE,https://pub-35015e19c4b442b9af31f1dfd941f47f.r2.dev/receipts/calendarbridge_2025-06-08_10_0.jpg,VERIFIED,10.0,"The receipt matches the details provided: Amount: $10.00, Merchant: CALENDARBRIDGE, Date: 2025-06-08"
726,2025-06-08,$13.13,SPOTIFY USA,https://pub-35015e19c4b442b9af31f1dfd941f47f.r2.dev/receipts/spotify_usa_2025-06-08_13_13_3.jpg,MISMATCH,$13.13,The image provided does not show the total amount of the receipt as $13.13.
729,2025-06-13,$9.00,SOURCEGRAPH INC,https://pub-35015e19c4b442b9af31f1dfd941f47f.r2.dev/receipts/sourcegraph_inc_2025-06-13_9_0.jpg,VERIFIED,9.0,"The receipt matches the provided details: Amount is $9.00, Merchant is SOURCEGRAPH INC, and Date is "
730,2025-06-13,$5.84,TST*THE FLOWER KITCHEN,https://pub-35015e19c4b442b9af31f1dfd941f47f.r2.dev/receipts/tstthe_flower_kitchen_2025-06-13_5_84.jpg,MISMATCH,$5.84,Amount does not match the expected value of $5.84.
731,2025-06-14,$10.00,CLOUDFLARE,https://pub-35015e19c4b442b9af31f1dfd941f47f.r2.dev/receipts/cloudflare_2025-06-14_10_0.jpg,MISMATCH,$10.00,"The image shows a receipt with an amount of $10.00, but the merchant listed is 'CLOUDPLACE' instead "
738,2025-06-24,$21.95,CLAUDE.AI SUBSCRIPTION,https://pub-35015e19c4b442b9af31f1dfd941f47f.r2.dev/receipts/claudeai_subscription_2025-06-24_21_95.jpg,VERIFIED,21.95,"The image shows a receipt with the following details: Amount: $21.95, Merchant: CLAUDE.AI SUBSCRIPTI"
739,2025-06-24,$9.00,HUGGINGFACE,https://pub-35015e19c4b442b9af31f1dfd941f47f.r2.dev/receipts/huggingface_2025-06-24_9_0.jpg,MISMATCH,9.0,"The amount on the receipt is $9.00, which does not match the expected total of $10.00."
742,2025-06-27,$32.32,PMC - PAID PARKING,https://pub-35015e19c4b442b9af31f1dfd941f47f.r2.dev/receipts/pmc_paid_parking_2025-06-27_32_32.png,VERIFIED,32.32,The image shows a receipt with the following details: Amount: $32.32; Merchant: PMC - PAID PARKING; 
744,2025-06-30,$32.93,MIDJOURNEY INC.,https://pub-35015e19c4b442b9af31f1dfd941f47f.r2.dev/receipts/midjourney_inc_2025-06-30_32_93.jpg,VERIFIED,$32.93,The receipt matches the details provided.
745,2025-07-01,$19.76,EXPENSIFY INC.,https://pub-35015e19c4b442b9af31f1dfd941f47f.r2.dev/receipts/expensify_inc_2025-07-01_19_76_3.jpg,VERIFIED,$19.76,"The receipt matches the details provided: Amount is $19.76, Merchant is EXPENSIFY INC., and Date is "
748,2025-07-08,$37.67,MONGODBCLOUD BRIANS...,https://pub-35015e19c4b442b9af31f1dfd941f47f.r2.dev/receipts/mongodbcloud_brians_2025-07-08_37_67_3.jpg,MISMATCH,37.67,The image provided does not contain a receipt with the specified details.
749,2025-07-08,$13.13,SPOTIFY USA,https://pub-35015e19c4b442b9af31f1dfd941f47f.r2.dev/receipts/spotify_usa_2025-07-08_13_13_3.jpg,MISMATCH,13.13,The image provided does not show the total amount of $13.13 as specified in the question.
751,2025-07-11,$5.00,EVERY STUDIO,https://pub-35015e19c4b442b9af31f1dfd941f47f.r2.dev/receipts/every_studio_2025-07-11_5_0.jpg,VERIFIED,$5.00,"The receipt matches the details provided: Amount: $5.00, Merchant: EVERY STUDIO, Date: 2025-07-11"
753,2025-07-14,$10.00,CLOUDFLARE,https://pub-35015e19c4b442b9af31f1dfd941f47f.r2.dev/receipts/cloudflare_2025-07-14_10_0.jpg,VERIFIED,$10.00,"The image shows a receipt with the following details: Amount: $10.00, Merchant: CLOUDFLARE, Date: 20"
757,2025-07-21,$75.56,TST*LEMONGRASS SUSHI AND,https://pub-35015e19c4b442b9af31f1dfd941f47f.r2.dev/receipts/tstlemongrass_sushi_and_2025-07-21_75_56_3.jpg,MISMATCH,$75.56,The amount on the receipt does not match the expected total of $75.56.
758,2025-07-24,$21.95,CLAUDE.AI SUBSCRIPTION,https://pub-35015e19c4b442b9af31f1dfd941f47f.r2.dev/receipts/claudeai_subscription_2025-07-24_21_95.jpg,MISMATCH,21.95,"The receipt shows a total of $21.95, which does not match the expected amount of $21.95."
759,2025-07-24,$23.45,VZWRLSS*ETM SCT1456901,https://pub-35015e19c4b442b9af31f1dfd941f47f.r2.dev/receipts/vzwrlssetm_sct1456901_2025-07-24_23_45.jpg,VERIFIED,$23.45,"The image shows a receipt with the following details: Amount: $23.45, Merchant: VZWRLSS*ETM SCT14569"
760,2025-07-25,$9.00,HUGGINGFACE,https://pub-35015e19c4b442b9af31f1dfd941f47f.r2.dev/receipts/huggingface_2025-07-25_9_0.jpg,VERIFIED,9.0,"The receipt matches the details provided: Amount: $9.00, Merchant: HUGGINGFACE, Date: 2025-07-25."
762,2025-07-28,$0.75,HIVE CO,https://pub-35015e19c4b442b9af31f1dfd941f47f.r2.dev/receipts/hive_co_2025-07-28_0_75_3.jpg,MISMATCH,0.75,The image provided does not contain a receipt with the specified details. It appears to be an unrela
763,2025-07-30,$5.00,EVERY STUDIO,https://pub-35015e19c4b442b9af31f1dfd941f47f.r2.dev/receipts/every_studio_2025-07-30_5_0.jpg,MISMATCH,5.0,The amount on the receipt does not match the expected amount of $5.00.
764,2025-07-30,$20.00,VZWRLSS*PREPAID PYMNT,https://pub-35015e19c4b442b9af31f1dfd941f47f.r2.dev/receipts/vzwrlssprepaid_pymnt_2025-07-30_20_0.jpg,MISMATCH,10.0,"The amount on the receipt is $10.00, not $20.00 as indicated in the question."
765,2025-08-01,$19.76,EXPENSIFY INC.,https://pub-35015e19c4b442b9af31f1dfd941f47f.r2.dev/receipts/expensify_inc_2025-08-01_19_76_3.jpg,UNCLEAR,," ```json
{
  ""verdict"": ""MISMATCH"",
  ""receipt_total"": ""$19.76"",
  ""reason"": ""The image shows a rece"
766,2025-08-02,$30.16,MONGODBCLOUD BRIANS...,https://pub-35015e19c4b442b9af31f1dfd941f47f.r2.dev/receipts/mongodbcloud_brians_2025-08-02_30_16_3.jpg,MISMATCH,30.16,The image provided does not contain the necessary information to verify if it matches the receipt de
771,2025-08-08,$49.25,SODEXO AT BELMONT UNIVER,https://pub-35015e19c4b442b9af31f1dfd941f47f.r2.dev/receipts/sodexo_at_belmont_univer_2025-08-08_49_25.jpg,VERIFIED,49.25,The image shows a receipt with the following details: Amount: $49.25; Merchant: SODEXO AT BELMONT UN
791,2025-10-03,$20.00,IDEOGRAM AI,https://pub-35015e19c4b442b9af31f1dfd941f47f.r2.dev/receipts/ideogram_ai_2025-10-03_20_0.png,VERIFIED,$20.00,"The receipt matches the details provided: Amount: $20.00, Merchant: IDEOGRAM AI, Date: 2025-10-03."
792,2025-10-04,$5.68,ANTHROPIC,https://pub-35015e19c4b442b9af31f1dfd941f47f.r2.dev/receipts/anthropic_2025-10-04_5_68.png,VERIFIED,5.68,"The image provided shows a receipt with the following details: Amount: $5.68, Merchant: ANTHROPIC, D"
796,2025-10-21,$334.00,CLEAR *CLEARME.COM,https://pub-35015e19c4b442b9af31f1dfd941f47f.r2.dev/receipts/clear_clearmecom_2025-10-21_334_0.jpg,VERIFIED,334.0,The receipt matches the provided details.
799,2025-11-01,$52.68,NOTION LABS INC.,https://pub-35015e19c4b442b9af31f1dfd941f47f.r2.dev/receipts/notion_labs_inc_2025-11-01_52_68.jpg,VERIFIED,52.68,The receipt matches the provided details.
801,2024-07-12,$9.29,PMC - PAID PARKING,https://pub-35015e19c4b442b9af31f1dfd941f47f.r2.dev/receipts/pmc_paid_parking_2024-07-12_9_29.png,VERIFIED,$9.29,"The image shows a receipt with the following details: Amount: $9.29, Merchant: PMC - PAID PARKING, D"
802,2024-08-06,$21.00,METROPOLIS PARKING,https://pub-35015e19c4b442b9af31f1dfd941f47f.r2.dev/receipts/metropolis_parking_2024-08-06_21_00.jpg,VERIFIED,$21.00,"The receipt matches the details provided: Amount is $21.00, Merchant is METROPOLIS PARKING, and Date"
805,2024-10-18,$25.00,IM-ADA.AI,https://pub-35015e19c4b442b9af31f1dfd941f47f.r2.dev/receipts/im_adaai_2024-10-18_25_0.jpg,MISMATCH,25.0,"The amount on the receipt is $25.00, which does not match the expected total of $25.00."
812,2024-09-28,$25.00,IM-ADA.AI,https://pub-35015e19c4b442b9af31f1dfd941f47f.r2.dev/receipts/im_adaai_2024-09-28_25_0_3.jpg,VERIFIED,25.0,"The receipt matches the details provided: $25.00 for a transaction on September 28, 2024 with IM-ADA"
813,2024-10-18,$25.00,IM-ADA.AI,https://pub-35015e19c4b442b9af31f1dfd941f47f.r2.dev/receipts/im_adaai_2024-10-18_25_0_2.jpg,VERIFIED,$25.00,"The receipt matches the given details: Amount is $25.00, Merchant is IM-ADA.AI, and Date is 2024-10-"
815,2024-07-12,$9.29,PMC - PAID PARKING,https://pub-35015e19c4b442b9af31f1dfd941f47f.r2.dev/receipts/pmc_paid_parking_2024-07-12_9_29_2.png,VERIFIED,$9.29,"The image shows a receipt with the following details: Amount: $9.29, Merchant: PMC - PAID PARKING, D"
816,2024-08-06,$21.00,METROPOLIS PARKING,https://pub-35015e19c4b442b9af31f1dfd941f47f.r2.dev/receipts/metropolis_parking_2024-08-06_21_0.jpg,VERIFIED,$21.00,"The receipt matches the details provided: Amount is $21.00, Merchant is METROPOLIS PARKING, and Date"
829,2025-10-22,$158.04,runway,https://pub-35015e19c4b442b9af31f1dfd941f47f.r2.dev/receipts/incoming/receipt_19a0b09638e6_att0.jpg,VERIFIED,158.04,The receipt matches the provided details.
830,2025-09-10,$120.00,taskade,https://pub-35015e19c4b442b9af31f1dfd941f47f.r2.dev/receipts/incoming/receipt_199314a94cc4_att0.jpg,VERIFIED,120.0,"The receipt matches the details provided: Amount is $120.0, Merchant is taskade, and Date is 2025-09"
831,2025-10-28,$5.00,railway corporation,https://pub-35015e19c4b442b9af31f1dfd941f47f.r2.dev/receipts/incoming/receipt_19a28cbc06ea_att0.jpg,MISMATCH,50.0,"The total amount on the receipt is $5.00, which does not match the expected amount of $5.00."
