_index,receipt_url
0,https://pub-35015e19c4b442b9af31f1dfd941f47f.r2.dev/receipts/BONHOMME_PLACE_GARAGE_attachment_2.jpg
1,https://pub-35015e19c4b442b9af31f1dfd941f47f.r2.dev/receipts/missing_receipt_downhome_06-26-2024_ce5a151e.jpg
2,"https://pub-35015e19c4b442b9af31f1dfd941f47f.r2.dev/receipts/Screenshot 2025-11-20 at 10.51.50 PM.png"
3,https://pub-35015e19c4b442b9af31f1dfd941f47f.r2.dev/receipts/southwes_5262533925711_2024-06-29_889_92.png
4,https://pub-35015e19c4b442b9af31f1dfd941f47f.r2.dev/receipts/dd_doordash_baycities_2024-06-30_30_23_3.jpeg
5,https://pub-35015e19c4b442b9af31f1dfd941f47f.r2.dev/receipts/dd_doordash_noahsnewy_2024-06-30_40_4.png
6,https://pub-35015e19c4b442b9af31f1dfd941f47f.r2.dev/receipts/flora_bama_2024-06-30_50_0.jpg
7,https://pub-35015e19c4b442b9af31f1dfd941f47f.r2.dev/receipts/the_wharf_fampb_2024-06-30_54_78.png
8,https://pub-35015e19c4b442b9af31f1dfd941f47f.r2.dev/receipts/the_wharf_fampb_2024-06-30_33_0.jpg
9,https://pub-35015e19c4b442b9af31f1dfd941f47f.r2.dev/receipts/uber_trip_2024-06-30_28_75_3.png
10,https://pub-35015e19c4b442b9af31f1dfd941f47f.r2.dev/receipts/uber_trip_helpubercom_2024-06-30_86_28.jpeg
11,https://pub-35015e19c4b442b9af31f1dfd941f47f.r2.dev/receipts/applecombill_2024-07-01_1_2.jpg
12,https://pub-35015e19c4b442b9af31f1dfd941f47f.r2.dev/receipts/chartmetric_2024-07-01_140_0.jpg
13,https://pub-35015e19c4b442b9af31f1dfd941f47f.r2.dev/receipts/expensify_inc_2024-07-01_19_76_3.jpg
14,https://pub-35015e19c4b442b9af31f1dfd941f47f.r2.dev/receipts/lulus_landing_inc_2024-07-01_189_5.jpg
15,https://pub-35015e19c4b442b9af31f1dfd941f47f.r2.dev/receipts/tst_pyramids_cafe_airp_2024-07-01_20_66_3.jpg
16,https://pub-35015e19c4b442b9af31f1dfd941f47f.r2.dev/receipts/uber_trip_2024-07-01_81_66.png
17,https://pub-35015e19c4b442b9af31f1dfd941f47f.r2.dev/receipts/lyft_ride_tue_4am_2024-07-02_103_99.jpg
18,https://pub-35015e19c4b442b9af31f1dfd941f47f.r2.dev/receipts/slim_amp_huskies_2024-07-02_24_56.jpg
19,https://pub-35015e19c4b442b9af31f1dfd941f47f.r2.dev/receipts/uber_trip_2024-07-02_39_56_3.jpg
20,https://pub-35015e19c4b442b9af31f1dfd941f47f.r2.dev/receipts/applecombill_2024-07-03_1_09_3.jpg
21,https://pub-35015e19c4b442b9af31f1dfd941f47f.r2.dev/receipts/southwes_5262535334395_2024-07-03_5_6.jpg
22,https://pub-35015e19c4b442b9af31f1dfd941f47f.r2.dev/receipts/applecombill_2024-07-05_21_94_3.jpg
23,https://pub-35015e19c4b442b9af31f1dfd941f47f.r2.dev/receipts/applecombill_2024-07-06_5_99_3.jpg
24,"https://pub-35015e19c4b442b9af31f1dfd941f47f.r2.dev/receipts/Screenshot 2025-11-20 at 10.55.22 PM.png"
25,https://pub-35015e19c4b442b9af31f1dfd941f47f.r2.dev/receipts/calendarbridge_2024-07-08_10_0.jpg
26,https://pub-35015e19c4b442b9af31f1dfd941f47f.r2.dev/receipts/spotify_usa_2024-07-08_13_13_3.jpg
27,https://pub-35015e19c4b442b9af31f1dfd941f47f.r2.dev/receipts/midjourney_inc_2024-07-10_10_98_3.jpg
28,https://pub-35015e19c4b442b9af31f1dfd941f47f.r2.dev/receipts/applecombill_2024-07-11_6_56.jpg
29,https://pub-35015e19c4b442b9af31f1dfd941f47f.r2.dev/receipts/cloudflare_2024-07-14_5_0.jpg
30,https://pub-35015e19c4b442b9af31f1dfd941f47f.r2.dev/receipts/prime_video_channels_2024-07-14_17_51.jpg
31,https://pub-35015e19c4b442b9af31f1dfd941f47f.r2.dev/receipts/tst_il_forno_pizzeria_2024-07-14_168_87_3.jpg
32,https://pub-35015e19c4b442b9af31f1dfd941f47f.r2.dev/receipts/clear_clearmecom_2024-07-15_12_62.png
33,https://pub-35015e19c4b442b9af31f1dfd941f47f.r2.dev/receipts/NO_RECEIPT_NEEDED
34,https://pub-35015e19c4b442b9af31f1dfd941f47f.r2.dev/receipts/purchase_interest_charge_2024-07-16_219_64.png
35,https://pub-35015e19c4b442b9af31f1dfd941f47f.r2.dev/receipts/applecombill_2024-07-17_17_55_3.jpg
36,https://pub-35015e19c4b442b9af31f1dfd941f47f.r2.dev/receipts/applecombill_2024-07-17_8_75_3.jpg
37,https://pub-35015e19c4b442b9af31f1dfd941f47f.r2.dev/receipts/dd_doordash_kalamatas_2024-07-17_94_22.jpg
38,https://pub-35015e19c4b442b9af31f1dfd941f47f.r2.dev/receipts/laz_parking_m32810_2024-07-17_5_0.jpg
39,https://pub-35015e19c4b442b9af31f1dfd941f47f.r2.dev/receipts/metropolis_parking_2024-07-17_11_32_3.jpg
40,https://pub-35015e19c4b442b9af31f1dfd941f47f.r2.dev/receipts/metropolis_parking_2024-07-17_4_49_3.jpg
41,https://pub-35015e19c4b442b9af31f1dfd941f47f.r2.dev/receipts/metropolis_parking_2024-07-17_7_55.jpg
42,https://pub-35015e19c4b442b9af31f1dfd941f47f.r2.dev/receipts/audrey_sean_brock_grou_2024-07-19_1487_8.jpg
43,https://pub-35015e19c4b442b9af31f1dfd941f47f.r2.dev/receipts/NO_RECEIPT_NEEDED
44,https://pub-35015e19c4b442b9af31f1dfd941f47f.r2.dev/receipts/applecombill_2024-07-22_54_86.jpg
45,https://pub-35015e19c4b442b9af31f1dfd941f47f.r2.dev/receipts/applecombill_2024-07-22_16_96_3.jpg
46,"https://pub-35015e19c4b442b9af31f1dfd941f47f.r2.dev/receipts/Screenshot 2025-11-21 at 3.00.52 AM.png"
47,https://pub-35015e19c4b442b9af31f1dfd941f47f.r2.dev/receipts/applecombill_2024-07-23_5_48_3.jpg
48,https://pub-35015e19c4b442b9af31f1dfd941f47f.r2.dev/receipts/claudeai_subscription_2024-07-24_21_95.jpg
49,https://pub-35015e19c4b442b9af31f1dfd941f47f.r2.dev/receipts/char_green_hills_2024-07-25_43_6.jpg
50,https://pub-35015e19c4b442b9af31f1dfd941f47f.r2.dev/receipts/park_happy_llc_2024-07-25_8_85.jpg
51,https://pub-35015e19c4b442b9af31f1dfd941f47f.r2.dev/receipts/pmc_paid_parking_2024-07-25_9_29.jpg
52,https://pub-35015e19c4b442b9af31f1dfd941f47f.r2.dev/receipts/rostr_pro_2024-07-25_50_0.jpeg
53,https://pub-35015e19c4b442b9af31f1dfd941f47f.r2.dev/receipts/imdbpro_2024-07-26_19_99.jpg
54,https://pub-35015e19c4b442b9af31f1dfd941f47f.r2.dev/receipts/park_happy_llc_2024-07-26_8_85.jpg
55,https://pub-35015e19c4b442b9af31f1dfd941f47f.r2.dev/receipts/sh_nashville_other_2024-07-26_9_05.jpg
56,https://pub-35015e19c4b442b9af31f1dfd941f47f.r2.dev/receipts/applecombill_2024-07-27_40_33.jpg
57,https://pub-35015e19c4b442b9af31f1dfd941f47f.r2.dev/receipts/carta_north_garage_2024-07-28_11_00.jpg
58,https://pub-35015e19c4b442b9af31f1dfd941f47f.r2.dev/receipts/parking_management_co_2024-07-29_8_0.jpg
59,https://pub-35015e19c4b442b9af31f1dfd941f47f.r2.dev/receipts/metropolis_parking_2024-07-30_15_99_3.jpg
60,https://pub-35015e19c4b442b9af31f1dfd941f47f.r2.dev/receipts/sh_nashville_other_2024-07-30_24_91.jpg
61,https://pub-35015e19c4b442b9af31f1dfd941f47f.r2.dev/receipts/applecombill_2024-07-31_23_14_3.png
62,https://pub-35015e19c4b442b9af31f1dfd941f47f.r2.dev/receipts/expensify_inc_2024-08-01_19_76_3.jpg
63,https://pub-35015e19c4b442b9af31f1dfd941f47f.r2.dev/receipts/metropolis_parking_2024-08-01_15_99_3.jpg
64,https://pub-35015e19c4b442b9af31f1dfd941f47f.r2.dev/receipts/sh_nashville_fampb_2024-08-01_22_28.jpg
65,https://pub-35015e19c4b442b9af31f1dfd941f47f.r2.dev/receipts/applecombill_2024-08-02_5_99_3.jpg
66,https://pub-35015e19c4b442b9af31f1dfd941f47f.r2.dev/receipts/tstnadeens_hermitage_ha_2024-08-02_39_52.jpg
67,https://pub-35015e19c4b442b9af31f1dfd941f47f.r2.dev/receipts/NO_RECEIPT_NEEDED
68,https://pub-35015e19c4b442b9af31f1dfd941f47f.r2.dev/receipts/applecombill_2024-08-03_251_33_3.jpg
69,https://pub-35015e19c4b442b9af31f1dfd941f47f.r2.dev/receipts/medvanderbilt_university_2024-08-03_112_98_3.png
70,https://pub-35015e19c4b442b9af31f1dfd941f47f.r2.dev/receipts/metropolis_parking_2024-08-05_21_0.jpg
71,https://pub-35015e19c4b442b9af31f1dfd941f47f.r2.dev/receipts/sh_nashville_other_2024-08-05_9_05.png
72,https://pub-35015e19c4b442b9af31f1dfd941f47f.r2.dev/receipts/sh_nashville_other_2024-08-05_38_78.jpg
73,https://pub-35015e19c4b442b9af31f1dfd941f47f.r2.dev/receipts/sh_nashville_other_2024-08-05_58_16.jpg
74,https://pub-35015e19c4b442b9af31f1dfd941f47f.r2.dev/receipts/sh_nashville_fampb_2024-08-05_53_98.jpg
75,"https://pub-35015e19c4b442b9af31f1dfd941f47f.r2.dev/receipts/Screenshot 2025-11-20 at 10.56.42 PM.png"
76,https://pub-35015e19c4b442b9af31f1dfd941f47f.r2.dev/receipts/sh_nashville_other_2024-08-06_18_1.jpg
77,https://pub-35015e19c4b442b9af31f1dfd941f47f.r2.dev/receipts/tsthomegrown_taproom_amp_2024-08-06_84_2.jpg
78,https://pub-35015e19c4b442b9af31f1dfd941f47f.r2.dev/receipts/calendarbridge_2024-08-08_10_0.jpg
79,https://pub-35015e19c4b442b9af31f1dfd941f47f.r2.dev/receipts/pmc_paid_parking_2024-08-08_38_03_3.jpg
80,https://pub-35015e19c4b442b9af31f1dfd941f47f.r2.dev/receipts/spotify_usa_2024-08-08_13_13_3.jpg
81,https://pub-35015e19c4b442b9af31f1dfd941f47f.r2.dev/receipts/tstgreen_hills_grille_2024-08-09_163_77_3.png
82,https://pub-35015e19c4b442b9af31f1dfd941f47f.r2.dev/receipts/applecombill_2024-08-10_17_52.jpg
83,https://pub-35015e19c4b442b9af31f1dfd941f47f.r2.dev/receipts/dd_doordash_edleysbar_2024-08-10_119_34_3.jpg
84,https://pub-35015e19c4b442b9af31f1dfd941f47f.r2.dev/receipts/dd_doordash_jimnnicks_2024-08-10_94_1.jpg
85,https://pub-35015e19c4b442b9af31f1dfd941f47f.r2.dev/receipts/midjourney_inc_2024-08-10_10_98_3.jpg
86,https://pub-35015e19c4b442b9af31f1dfd941f47f.r2.dev/receipts/applecombill_2024-08-11_17_55_3.jpg
87,https://pub-35015e19c4b442b9af31f1dfd941f47f.r2.dev/receipts/suno_inc_2024-08-11_288_0.jpg
88,https://pub-35015e19c4b442b9af31f1dfd941f47f.r2.dev/receipts/NO_RECEIPT_NEEDED
89,https://pub-35015e19c4b442b9af31f1dfd941f47f.r2.dev/receipts/o_ku_nashville_2024-08-13_58_21.jpeg
90,https://pub-35015e19c4b442b9af31f1dfd941f47f.r2.dev/receipts/optimist_nashville_2024-08-13_44_32_3.jpg
91,https://pub-35015e19c4b442b9af31f1dfd941f47f.r2.dev/receipts/optimist_nashville_2024-08-13_896_44_3.jpg
92,https://pub-35015e19c4b442b9af31f1dfd941f47f.r2.dev/receipts/cloudflare_2024-08-14_5_0.jpg
93,https://pub-35015e19c4b442b9af31f1dfd941f47f.r2.dev/receipts/mafiaozas_2024-08-14_15_38_3.jpg
94,https://pub-35015e19c4b442b9af31f1dfd941f47f.r2.dev/receipts/metropolis_parking_2024-08-14_10_99_3.jpg
95,https://pub-35015e19c4b442b9af31f1dfd941f47f.r2.dev/receipts/park_happy_llc_2024-08-14_8_85.jpg
96,https://pub-35015e19c4b442b9af31f1dfd941f47f.r2.dev/receipts/prime_video_channels_2024-08-14_18_6.jpg
97,https://pub-35015e19c4b442b9af31f1dfd941f47f.r2.dev/receipts/sh_nashville_other_2024-08-14_27_14.jpg
98,https://pub-35015e19c4b442b9af31f1dfd941f47f.r2.dev/receipts/applecombill_2024-08-15_76_81_3.jpg
99,https://pub-35015e19c4b442b9af31f1dfd941f47f.r2.dev/receipts/park_happy_llc_2024-08-15_8_85.jpg
100,https://pub-35015e19c4b442b9af31f1dfd941f47f.r2.dev/receipts/sh_nashville_other_2024-08-15_74_97.jpg
101,https://pub-35015e19c4b442b9af31f1dfd941f47f.r2.dev/receipts/NO_RECEIPT_NEEDED
102,https://pub-35015e19c4b442b9af31f1dfd941f47f.r2.dev/receipts/NO_RECEIPT_NEEDED
103,https://pub-35015e19c4b442b9af31f1dfd941f47f.r2.dev/receipts/NO_RECEIPT_NEEDED
104,https://pub-35015e19c4b442b9af31f1dfd941f47f.r2.dev/receipts/metropolis_parking_2024-08-17_42_0.jpg
105,https://pub-35015e19c4b442b9af31f1dfd941f47f.r2.dev/receipts/tm_pbr_teams_2024-08-17_623_1.jpg
106,https://pub-35015e19c4b442b9af31f1dfd941f47f.r2.dev/receipts/metropolis_parking_2024-08-18_31_5.jpg
107,https://pub-35015e19c4b442b9af31f1dfd941f47f.r2.dev/receipts/tstlosers_downtown_2024-08-18_78_0.jpg
108,https://pub-35015e19c4b442b9af31f1dfd941f47f.r2.dev/receipts/applecombill_2024-08-19_8_75_3.jpg
109,https://pub-35015e19c4b442b9af31f1dfd941f47f.r2.dev/receipts/sh_nashville_other_2024-08-19_51_7.jpg
110,https://pub-35015e19c4b442b9af31f1dfd941f47f.r2.dev/receipts/sh_nashville_other_2024-08-19_47_82.jpg
111,https://pub-35015e19c4b442b9af31f1dfd941f47f.r2.dev/receipts/sh_nashville_other_2024-08-19_31_02.PNG
112,https://pub-35015e19c4b442b9af31f1dfd941f47f.r2.dev/receipts/metropolis_parking_2024-08-20_27_42_3.jpg
113,https://pub-35015e19c4b442b9af31f1dfd941f47f.r2.dev/receipts/park_happy_llc_2024-08-20_10_26.jpg
114,https://pub-35015e19c4b442b9af31f1dfd941f47f.r2.dev/receipts/pmc_paid_parking_2024-08-20_23_21_3.jpg
115,https://pub-35015e19c4b442b9af31f1dfd941f47f.r2.dev/receipts/tstpancho_and_leftys_ca_2024-08-20_28_39_3.jpg
116,https://pub-35015e19c4b442b9af31f1dfd941f47f.r2.dev/receipts/NO_RECEIPT_NEEDED
117,https://pub-35015e19c4b442b9af31f1dfd941f47f.r2.dev/receipts/pmc_paid_parking_2024-08-21_38_03_3.jpg
118,https://pub-35015e19c4b442b9af31f1dfd941f47f.r2.dev/receipts/applecombill_2024-08-22_5_78_3.jpg
119,https://pub-35015e19c4b442b9af31f1dfd941f47f.r2.dev/receipts/applecombill_2024-08-22_16_96.jpg
120,https://pub-35015e19c4b442b9af31f1dfd941f47f.r2.dev/receipts/linkedin_job_9849229796_2024-08-22_174_56.jpg
121,https://pub-35015e19c4b442b9af31f1dfd941f47f.r2.dev/receipts/pmc_paid_parking_2024-08-22_22_51_3.jpg
122,https://pub-35015e19c4b442b9af31f1dfd941f47f.r2.dev/receipts/pmc_paid_parking_2024-08-22_29_28_3.jpg
123,https://pub-35015e19c4b442b9af31f1dfd941f47f.r2.dev/receipts/charles_tyrwhitt_inc_2024-08-23_161_28_3.jpg
124,https://pub-35015e19c4b442b9af31f1dfd941f47f.r2.dev/receipts/corner_pub_2024-08-23_79_64_3.jpg
125,https://pub-35015e19c4b442b9af31f1dfd941f47f.r2.dev/receipts/metropolis_parking_2024-08-23_10_99_3.jpg
126,https://pub-35015e19c4b442b9af31f1dfd941f47f.r2.dev/receipts/nordstrom_direct_0808_2024-08-23_19_76.jpg
127,https://pub-35015e19c4b442b9af31f1dfd941f47f.r2.dev/receipts/nordstrom_direct_0808_2024-08-23_246_94.jpg
128,https://pub-35015e19c4b442b9af31f1dfd941f47f.r2.dev/receipts/nordstrom_direct_0808_2024-08-23_162_43.jpg
129,https://pub-35015e19c4b442b9af31f1dfd941f47f.r2.dev/receipts/sh_nashville_other_2024-08-23_9_05.png
130,https://pub-35015e19c4b442b9af31f1dfd941f47f.r2.dev/receipts/NO_RECEIPT_NEEDED
131,https://pub-35015e19c4b442b9af31f1dfd941f47f.r2.dev/receipts/NO_RECEIPT_NEEDED
132,https://pub-35015e19c4b442b9af31f1dfd941f47f.r2.dev/receipts/applecombill_2024-08-24_16_41_3.jpg
133,https://pub-35015e19c4b442b9af31f1dfd941f47f.r2.dev/receipts/buck_mason_2024-08-24_379_74_3.jpg
134,https://pub-35015e19c4b442b9af31f1dfd941f47f.r2.dev/receipts/claudeai_subscription_2024-08-24_21_95.jpg
135,"https://pub-35015e19c4b442b9af31f1dfd941f47f.r2.dev/receipts/Screenshot 2025-11-21 at 3.02.18 AM.png"
136,https://pub-35015e19c4b442b9af31f1dfd941f47f.r2.dev/receipts/rostr_pro_2024-08-25_50_0.jpg
137,https://pub-35015e19c4b442b9af31f1dfd941f47f.r2.dev/receipts/NO_RECEIPT_NEEDED
138,https://pub-35015e19c4b442b9af31f1dfd941f47f.r2.dev/receipts/imdbpro_2024-08-26_19_99.jpg
139,https://pub-35015e19c4b442b9af31f1dfd941f47f.r2.dev/receipts/pmc_paid_parking_2024-08-26_23_21_3.jpg
140,https://pub-35015e19c4b442b9af31f1dfd941f47f.r2.dev/receipts/sh_nashville_fampb_2024-08-26_24_91.jpg
141,https://pub-35015e19c4b442b9af31f1dfd941f47f.r2.dev/receipts/applecombill_2024-08-27_40_33.jpg
142,https://pub-35015e19c4b442b9af31f1dfd941f47f.r2.dev/receipts/NO_RECEIPT_NEEDED
143,https://pub-35015e19c4b442b9af31f1dfd941f47f.r2.dev/receipts/southwes_5262554636372_2024-08-27_418_98.jpg
144,https://pub-35015e19c4b442b9af31f1dfd941f47f.r2.dev/receipts/southwes_5262554636538_2024-08-27_5_6.jpg
145,https://pub-35015e19c4b442b9af31f1dfd941f47f.r2.dev/receipts/southwes_5262554639287_2024-08-27_5_6.jpg
146,https://pub-35015e19c4b442b9af31f1dfd941f47f.r2.dev/receipts/southwes_5262554639394_2024-08-27_5_6.jpg
147,https://pub-35015e19c4b442b9af31f1dfd941f47f.r2.dev/receipts/southwes_5262554639613_2024-08-27_5_6.jpg
148,https://pub-35015e19c4b442b9af31f1dfd941f47f.r2.dev/receipts/applecombill_2024-08-28_16_41.jpg
149,https://pub-35015e19c4b442b9af31f1dfd941f47f.r2.dev/receipts/NO_RECEIPT_NEEDED
150,https://pub-35015e19c4b442b9af31f1dfd941f47f.r2.dev/receipts/NO_RECEIPT_NEEDED
151,https://pub-35015e19c4b442b9af31f1dfd941f47f.r2.dev/receipts/pmc_paid_parking_2024-08-28_26_22.jpg
152,https://pub-35015e19c4b442b9af31f1dfd941f47f.r2.dev/receipts/sh_nashville_other_2024-08-28_18_1.jpg
153,https://pub-35015e19c4b442b9af31f1dfd941f47f.r2.dev/receipts/applecombill_2024-08-29_1_09_3.jpg
154,https://pub-35015e19c4b442b9af31f1dfd941f47f.r2.dev/receipts/char_green_hills_2024-08-29_67_81_3.jpg
155,https://pub-35015e19c4b442b9af31f1dfd941f47f.r2.dev/receipts/pmc_paid_parking_2024-08-29_9_29.jpg
156,https://pub-35015e19c4b442b9af31f1dfd941f47f.r2.dev/receipts/chuys_110_2024-08-30_84_47.jpg
157,https://pub-35015e19c4b442b9af31f1dfd941f47f.r2.dev/receipts/metropolis_parking_2024-08-30_16_99.jpg
158,https://pub-35015e19c4b442b9af31f1dfd941f47f.r2.dev/receipts/midjourney_inc_2024-08-30_32_93.jpg
159,https://pub-35015e19c4b442b9af31f1dfd941f47f.r2.dev/receipts/applecombill_2024-08-31_23_14_3.jpg
160,https://pub-35015e19c4b442b9af31f1dfd941f47f.r2.dev/receipts/expensify_inc_2024-09-01_19_76_3.jpeg
161,https://pub-35015e19c4b442b9af31f1dfd941f47f.r2.dev/receipts/NO_RECEIPT_NEEDED
162,https://pub-35015e19c4b442b9af31f1dfd941f47f.r2.dev/receipts/guardianbikes_2024-09-02_479_6.png
163,https://pub-35015e19c4b442b9af31f1dfd941f47f.r2.dev/receipts/metropolis_parking_2024-09-03_17_88.jpg
164,https://pub-35015e19c4b442b9af31f1dfd941f47f.r2.dev/receipts/sq_high_point_coffee_tn_2024-09-03_24_17.png
165,https://pub-35015e19c4b442b9af31f1dfd941f47f.r2.dev/receipts/12_south_taproom_amp_grill_2024-09-04_59_16.jpg
166,https://pub-35015e19c4b442b9af31f1dfd941f47f.r2.dev/receipts/corner_pub_2024-09-04_39_78_3.jpg
167,https://pub-35015e19c4b442b9af31f1dfd941f47f.r2.dev/receipts/corner_pub_2024-09-04_45_15.jpg
168,https://pub-35015e19c4b442b9af31f1dfd941f47f.r2.dev/receipts/pmc_paid_parking_2024-09-04_24_59.png
169,https://pub-35015e19c4b442b9af31f1dfd941f47f.r2.dev/receipts/sq_well_coffeehouse_bren_2024-09-04_5_46_3.jpg
170,https://pub-35015e19c4b442b9af31f1dfd941f47f.r2.dev/receipts/metropolis_parking_2024-09-05_21_0.jpg
171,https://pub-35015e19c4b442b9af31f1dfd941f47f.r2.dev/receipts/metropolis_parking_2024-09-05_10_99.jpg
172,https://pub-35015e19c4b442b9af31f1dfd941f47f.r2.dev/receipts/sh_nashville_other_2024-09-05_100_82.jpg
173,https://pub-35015e19c4b442b9af31f1dfd941f47f.r2.dev/receipts/applecombill_2024-09-06_7_99_3.jpg
174,https://pub-35015e19c4b442b9af31f1dfd941f47f.r2.dev/receipts/applecombill_2024-09-06_10_96_3.jpg
175,https://pub-35015e19c4b442b9af31f1dfd941f47f.r2.dev/receipts/applecombill_2024-09-06_3_28.jpg
176,https://pub-35015e19c4b442b9af31f1dfd941f47f.r2.dev/receipts/NO_RECEIPT_NEEDED
177,https://pub-35015e19c4b442b9af31f1dfd941f47f.r2.dev/receipts/sh_nashville_other_2024-09-06_40_07.jpg
178,https://pub-35015e19c4b442b9af31f1dfd941f47f.r2.dev/receipts/sh_nashville_other_2024-09-06_24_56.jpg
179,https://pub-35015e19c4b442b9af31f1dfd941f47f.r2.dev/receipts/NO_RECEIPT_NEEDED
180,https://pub-35015e19c4b442b9af31f1dfd941f47f.r2.dev/receipts/applecombill_2024-09-07_10_96_3.jpg
181,https://pub-35015e19c4b442b9af31f1dfd941f47f.r2.dev/receipts/golden_nugget_hotel_lv_2024-09-07_100_57.jpg
182,https://pub-35015e19c4b442b9af31f1dfd941f47f.r2.dev/receipts/metropolis_parking_2024-09-07_26_25_3.jpg
183,https://pub-35015e19c4b442b9af31f1dfd941f47f.r2.dev/receipts/amazon_mktplz82mq1z72_2024-09-08_174_5.png
184,https://pub-35015e19c4b442b9af31f1dfd941f47f.r2.dev/receipts/amazon_mktplzt49g6ih0_2024-09-08_24_13.jpg
185,https://pub-35015e19c4b442b9af31f1dfd941f47f.r2.dev/receipts/applecombill_2024-09-08_5_48_3.jpg
186,https://pub-35015e19c4b442b9af31f1dfd941f47f.r2.dev/receipts/calendarbridge_2024-09-08_10_0.jpg
187,https://pub-35015e19c4b442b9af31f1dfd941f47f.r2.dev/receipts/clear_clearmecom_2024-09-08_318_0.png
188,https://pub-35015e19c4b442b9af31f1dfd941f47f.r2.dev/receipts/nordstrom_0759_2024-09-08_1518_58.jpg
189,https://pub-35015e19c4b442b9af31f1dfd941f47f.r2.dev/receipts/NO_RECEIPT_NEEDED
190,https://pub-35015e19c4b442b9af31f1dfd941f47f.r2.dev/receipts/spotify_usa_2024-09-08_13_13_3.jpg
191,https://pub-35015e19c4b442b9af31f1dfd941f47f.r2.dev/receipts/applecombill_2024-09-09_93_26_3.jpg
192,https://pub-35015e19c4b442b9af31f1dfd941f47f.r2.dev/receipts/metropolis_parking_2024-09-09_7_55.jpg
193,https://pub-35015e19c4b442b9af31f1dfd941f47f.r2.dev/receipts/NO_RECEIPT_NEEDED
194,https://pub-35015e19c4b442b9af31f1dfd941f47f.r2.dev/receipts/NO_RECEIPT_NEEDED
195,https://pub-35015e19c4b442b9af31f1dfd941f47f.r2.dev/receipts/southwes_5262558734553_2024-09-09_5_6.jpg
196,https://pub-35015e19c4b442b9af31f1dfd941f47f.r2.dev/receipts/southwes_5262558734943_2024-09-09_5_6.jpg
197,https://pub-35015e19c4b442b9af31f1dfd941f47f.r2.dev/receipts/NO_RECEIPT_NEEDED
198,https://pub-35015e19c4b442b9af31f1dfd941f47f.r2.dev/receipts/binions_bars_2024-09-10_43_5.jpg
199,https://pub-35015e19c4b442b9af31f1dfd941f47f.r2.dev/receipts/missing_receipt_downhome_09-10-2024_697d5c71.jpg
200,https://pub-35015e19c4b442b9af31f1dfd941f47f.r2.dev/receipts/applecombill_2024-09-11_27_43.jpg
201,https://pub-35015e19c4b442b9af31f1dfd941f47f.r2.dev/receipts/cadillac_bar_las_vegas_2024-09-11_86_62_3.jpg
202,https://pub-35015e19c4b442b9af31f1dfd941f47f.r2.dev/receipts/southwes_5262559542910_2024-09-11_5_6.jpg
203,https://pub-35015e19c4b442b9af31f1dfd941f47f.r2.dev/receipts/southwes_5262559543118_2024-09-11_5_6.jpg
206,https://pub-35015e19c4b442b9af31f1dfd941f47f.r2.dev/receipts/tst_pyramids_cafe_airp_2024-09-11_20_66_3.jpg
207,https://pub-35015e19c4b442b9af31f1dfd941f47f.r2.dev/receipts/uber_trip_2024-09-11_44_78_3.jpg
208,https://pub-35015e19c4b442b9af31f1dfd941f47f.r2.dev/receipts/gnlv_the_grille_2024-09-12_27_22.jpg
209,https://pub-35015e19c4b442b9af31f1dfd941f47f.r2.dev/receipts/uber_trip_2024-09-12_26_92_3.jpg
210,https://pub-35015e19c4b442b9af31f1dfd941f47f.r2.dev/receipts/uber_trip_2024-09-12_55_53_3.jpg
211,https://pub-35015e19c4b442b9af31f1dfd941f47f.r2.dev/receipts/uber_trip_2024-09-12_41_98.png
212,https://pub-35015e19c4b442b9af31f1dfd941f47f.r2.dev/receipts/golden_nugget_hotel_lv_2024-09-13_313_01.png
213,https://pub-35015e19c4b442b9af31f1dfd941f47f.r2.dev/receipts/NO_RECEIPT_NEEDED
214,https://pub-35015e19c4b442b9af31f1dfd941f47f.r2.dev/receipts/cloudflare_2024-09-14_5_0.jpg
215,https://pub-35015e19c4b442b9af31f1dfd941f47f.r2.dev/receipts/applecombill_2024-09-15_76_81_3.jpg
216,https://pub-35015e19c4b442b9af31f1dfd941f47f.r2.dev/receipts/applecombill_2024-09-15_77_89_3.jpg
217,https://pub-35015e19c4b442b9af31f1dfd941f47f.r2.dev/receipts/away_2024-09-15_378_64.jpg
218,https://pub-35015e19c4b442b9af31f1dfd941f47f.r2.dev/receipts/NO_RECEIPT_NEEDED
219,https://pub-35015e19c4b442b9af31f1dfd941f47f.r2.dev/receipts/metropolis_parking_2024-09-16_17_88.jpg
220,https://pub-35015e19c4b442b9af31f1dfd941f47f.r2.dev/receipts/parkingmanagementcompany_2024-09-16_38_24_3.jpg
221,https://pub-35015e19c4b442b9af31f1dfd941f47f.r2.dev/receipts/pmc_paid_parking_2024-09-16_26_22.png
222,https://pub-35015e19c4b442b9af31f1dfd941f47f.r2.dev/receipts/NO_RECEIPT_NEEDED
223,https://pub-35015e19c4b442b9af31f1dfd941f47f.r2.dev/receipts/sh_nashville_other_2024-09-16_40_07.jpg
224,https://pub-35015e19c4b442b9af31f1dfd941f47f.r2.dev/receipts/tstmartins_bar_b_que_jo_2024-09-16_144_06.jpg
225,https://pub-35015e19c4b442b9af31f1dfd941f47f.r2.dev/receipts/NO_RECEIPT_NEEDED
226,https://pub-35015e19c4b442b9af31f1dfd941f47f.r2.dev/receipts/uber_trip_2024-09-17_38_79.jpg
227,https://pub-35015e19c4b442b9af31f1dfd941f47f.r2.dev/receipts/metropolis_parking_2024-09-18_10_99_3.jpg
228,https://pub-35015e19c4b442b9af31f1dfd941f47f.r2.dev/receipts/pmc_paid_parking_2024-09-18_29_22.png
229,https://pub-35015e19c4b442b9af31f1dfd941f47f.r2.dev/receipts/sh_nashville_other_2024-09-18_71_09.jpg
230,https://pub-35015e19c4b442b9af31f1dfd941f47f.r2.dev/receipts/americano_lounge_2024-09-19_14_09.png
231,https://pub-35015e19c4b442b9af31f1dfd941f47f.r2.dev/receipts/applecombill_2024-09-19_8_75_3.jpg
232,https://pub-35015e19c4b442b9af31f1dfd941f47f.r2.dev/receipts/sh_nashville_other_2024-09-19_11_63.jpg
233,https://pub-35015e19c4b442b9af31f1dfd941f47f.r2.dev/receipts/sh_nashville_other_2024-09-19_38_78.jpg
234,https://pub-35015e19c4b442b9af31f1dfd941f47f.r2.dev/receipts/metropolis_parking_2024-09-20_26_25_3.jpg
235,https://pub-35015e19c4b442b9af31f1dfd941f47f.r2.dev/receipts/201_belcourt_lot_2024-09-21_5_6.jpg
236,https://pub-35015e19c4b442b9af31f1dfd941f47f.r2.dev/receipts/nordstrom_0759_2024-09-22_812_47.jpg
237,https://pub-35015e19c4b442b9af31f1dfd941f47f.r2.dev/receipts/NO_RECEIPT_NEEDED
238,https://pub-35015e19c4b442b9af31f1dfd941f47f.r2.dev/receipts/nordstrom_direct_0808_2024-09-23_650_04.jpg
239,https://pub-35015e19c4b442b9af31f1dfd941f47f.r2.dev/receipts/claudeai_subscription_2024-09-24_21_95.jpg
240,https://pub-35015e19c4b442b9af31f1dfd941f47f.r2.dev/receipts/sh_nashville_other_2024-09-24_689_59.jpg
241,https://pub-35015e19c4b442b9af31f1dfd941f47f.r2.dev/receipts/applecombill_2024-09-25_16_96_3.jpg
242,https://pub-35015e19c4b442b9af31f1dfd941f47f.r2.dev/receipts/lazgo_nashville_m32180_2024-09-25_5_18.jpg
243,https://pub-35015e19c4b442b9af31f1dfd941f47f.r2.dev/receipts/pmc_paid_parking_2024-09-25_26_22.png
244,https://pub-35015e19c4b442b9af31f1dfd941f47f.r2.dev/receipts/sh_nashville_other_2024-09-25_224_64.jpg
245,https://pub-35015e19c4b442b9af31f1dfd941f47f.r2.dev/receipts/the_gateway_to_nashville_2024-09-25_20_0.jpg
246,https://pub-35015e19c4b442b9af31f1dfd941f47f.r2.dev/receipts/imdbpro_2024-09-26_19_99.jpg
247,https://pub-35015e19c4b442b9af31f1dfd941f47f.r2.dev/receipts/park_happy_llc_2024-09-26_8_85.jpg
248,https://pub-35015e19c4b442b9af31f1dfd941f47f.r2.dev/receipts/sh_nashville_other_2024-09-26_14_22.jpg
249,https://pub-35015e19c4b442b9af31f1dfd941f47f.r2.dev/receipts/applecombill_2024-09-28_40_33.jpg
250,https://pub-35015e19c4b442b9af31f1dfd941f47f.r2.dev/receipts/im_adaai_2024-09-30_50_0.jpg
251,https://pub-35015e19c4b442b9af31f1dfd941f47f.r2.dev/receipts/midjourney_inc_2024-09-30_32_93.jpg
252,https://pub-35015e19c4b442b9af31f1dfd941f47f.r2.dev/receipts/expensify_inc_2024-10-01_19_76_3.jpg
253,https://pub-35015e19c4b442b9af31f1dfd941f47f.r2.dev/receipts/tst_the_greenhouse_bar_2024-10-01_61_0.jpg
254,https://pub-35015e19c4b442b9af31f1dfd941f47f.r2.dev/receipts/tstbongo_java_belmont_2024-10-01_10_49_3.jpg
255,https://pub-35015e19c4b442b9af31f1dfd941f47f.r2.dev/receipts/im_adaai_2024-10-02_10_0.jpg
256,https://pub-35015e19c4b442b9af31f1dfd941f47f.r2.dev/receipts/pmc_paid_parking_2024-10-03_20_76.png
258,https://pub-35015e19c4b442b9af31f1dfd941f47f.r2.dev/receipts/tst_smokin_thighs_llc_2024-10-03_106_85.jpg
259,https://pub-35015e19c4b442b9af31f1dfd941f47f.r2.dev/receipts/tsthearts_cafe_2024-10-03_27_4.jpg
260,https://pub-35015e19c4b442b9af31f1dfd941f47f.r2.dev/receipts/applecombill_2024-10-04_7_99_3.jpg
261,https://pub-35015e19c4b442b9af31f1dfd941f47f.r2.dev/receipts/applecombill_2024-10-04_23_14_3.jpg
262,https://pub-35015e19c4b442b9af31f1dfd941f47f.r2.dev/receipts/im_adaai_2024-10-04_25_0.jpg
263,https://pub-35015e19c4b442b9af31f1dfd941f47f.r2.dev/receipts/metropolis_parking_2024-10-04_21_0.jpg
264,https://pub-35015e19c4b442b9af31f1dfd941f47f.r2.dev/receipts/sh_nashville_other_2024-10-04_23_27.jpg
265,https://pub-35015e19c4b442b9af31f1dfd941f47f.r2.dev/receipts/NO_RECEIPT_NEEDED
266,https://pub-35015e19c4b442b9af31f1dfd941f47f.r2.dev/receipts/sh_nashville_other_2024-10-07_52_99.jpg
267,https://pub-35015e19c4b442b9af31f1dfd941f47f.r2.dev/receipts/sh_nashville_other_2024-10-07_29_73.jpg
268,https://pub-35015e19c4b442b9af31f1dfd941f47f.r2.dev/receipts/calendarbridge_2024-10-08_10_0.jpg
269,https://pub-35015e19c4b442b9af31f1dfd941f47f.r2.dev/receipts/corner_pub_2024-10-08_83_92.heic
270,https://pub-35015e19c4b442b9af31f1dfd941f47f.r2.dev/receipts/im_adaai_2024-10-08_50_0.jpg
271,https://pub-35015e19c4b442b9af31f1dfd941f47f.r2.dev/receipts/metropolis_parking_2024-10-08_26_25_3.jpg
272,https://pub-35015e19c4b442b9af31f1dfd941f47f.r2.dev/receipts/spotify_usa_2024-10-08_13_13_3.jpg
273,https://pub-35015e19c4b442b9af31f1dfd941f47f.r2.dev/receipts/pmc_paid_parking_2024-10-09_30_05.png
274,https://pub-35015e19c4b442b9af31f1dfd941f47f.r2.dev/receipts/12_south_taproom_amp_grill_2024-10-10_123_79_3.jpg
275,https://pub-35015e19c4b442b9af31f1dfd941f47f.r2.dev/receipts/NO_RECEIPT_NEEDED
276,https://pub-35015e19c4b442b9af31f1dfd941f47f.r2.dev/receipts/dd_doordash_laspalmas_2024-10-11_24_22.jpg
277,https://pub-35015e19c4b442b9af31f1dfd941f47f.r2.dev/receipts/sh_nashville_other_2024-10-11_23_27.PNG
278,https://pub-35015e19c4b442b9af31f1dfd941f47f.r2.dev/receipts/sh_nashville_other_2024-10-11_27_14.jpg
279,https://pub-35015e19c4b442b9af31f1dfd941f47f.r2.dev/receipts/sh_nashville_other_2024-10-11_62_04.jpg
280,https://pub-35015e19c4b442b9af31f1dfd941f47f.r2.dev/receipts/NO_RECEIPT_NEEDED
281,https://pub-35015e19c4b442b9af31f1dfd941f47f.r2.dev/receipts/sourcegraph_inc_2024-10-13_9_0.jpg
282,https://pub-35015e19c4b442b9af31f1dfd941f47f.r2.dev/receipts/cloudflare_2024-10-14_5_0.jpg
283,https://pub-35015e19c4b442b9af31f1dfd941f47f.r2.dev/receipts/char_green_hills_2024-10-15_422_72_3.jpg
284,https://pub-35015e19c4b442b9af31f1dfd941f47f.r2.dev/receipts/academy_of_country_mus_2024-10-16_1450_0.jpg
285,https://pub-35015e19c4b442b9af31f1dfd941f47f.r2.dev/receipts/NO_RECEIPT_NEEDED
286,https://pub-35015e19c4b442b9af31f1dfd941f47f.r2.dev/receipts/corner_pub_2024-10-16_133_44.jpg
287,https://pub-35015e19c4b442b9af31f1dfd941f47f.r2.dev/receipts/pmc_paid_parking_2024-10-16_19_94.png
288,https://pub-35015e19c4b442b9af31f1dfd941f47f.r2.dev/receipts/NO_RECEIPT_NEEDED
289,https://pub-35015e19c4b442b9af31f1dfd941f47f.r2.dev/receipts/sh_nashville_other_2024-10-16_37_48.jpg
290,https://pub-35015e19c4b442b9af31f1dfd941f47f.r2.dev/receipts/sh_nashville_other_2024-10-16_29_73.jpg
291,https://pub-35015e19c4b442b9af31f1dfd941f47f.r2.dev/receipts/sh_nashville_fampb_2024-10-16_84_35.jpg
292,https://pub-35015e19c4b442b9af31f1dfd941f47f.r2.dev/receipts/chartmetric_2024-10-18_160_0.jpg
293,https://pub-35015e19c4b442b9af31f1dfd941f47f.r2.dev/receipts/nordstrom_direct_0808_2024-10-20_653_01.jpg
294,https://pub-35015e19c4b442b9af31f1dfd941f47f.r2.dev/receipts/runway_standard_plan_2024-10-22_144_0.jpg
295,https://pub-35015e19c4b442b9af31f1dfd941f47f.r2.dev/receipts/201_belcourt_lot_2024-10-23_6_73.jpg
296,https://pub-35015e19c4b442b9af31f1dfd941f47f.r2.dev/receipts/NO_RECEIPT_NEEDED
297,https://pub-35015e19c4b442b9af31f1dfd941f47f.r2.dev/receipts/tstfido_bongo_java_2024-10-23_34_75_3.jpg
298,https://pub-35015e19c4b442b9af31f1dfd941f47f.r2.dev/receipts/claudeai_subscription_2024-10-24_21_95.jpg
299,https://pub-35015e19c4b442b9af31f1dfd941f47f.r2.dev/receipts/bonhomme_place_garage_2024-10-25_27_0.png
300,https://pub-35015e19c4b442b9af31f1dfd941f47f.r2.dev/receipts/im_adaai_2024-10-25_50_0.jpg
301,https://pub-35015e19c4b442b9af31f1dfd941f47f.r2.dev/receipts/imdbpro_2024-10-26_19_99.jpg
302,https://pub-35015e19c4b442b9af31f1dfd941f47f.r2.dev/receipts/le_meridien_st_louis_2024-10-26_427_56_3.jpg
303,https://pub-35015e19c4b442b9af31f1dfd941f47f.r2.dev/receipts/uber_trip_2024-10-26_49_71_3.jpg
304,https://pub-35015e19c4b442b9af31f1dfd941f47f.r2.dev/receipts/NO_RECEIPT_NEEDED
305,https://pub-35015e19c4b442b9af31f1dfd941f47f.r2.dev/receipts/jjk_foundation_2024-10-28_60_0.jpg
306,https://pub-35015e19c4b442b9af31f1dfd941f47f.r2.dev/receipts/12_south_taproom_amp_grill_2024-10-30_159_74_3.jpg
307,https://pub-35015e19c4b442b9af31f1dfd941f47f.r2.dev/receipts/dd_doordash_tacobamba_2024-10-30_49_24_3.jpg
308,https://pub-35015e19c4b442b9af31f1dfd941f47f.r2.dev/receipts/midjourney_inc_2024-10-30_32_93.jpg
309,https://pub-35015e19c4b442b9af31f1dfd941f47f.r2.dev/receipts/dd_doordash_kalamatas_2024-10-31_67_97.jpg
310,https://pub-35015e19c4b442b9af31f1dfd941f47f.r2.dev/receipts/expensify_inc_2024-11-01_19_76_3.jpg
311,https://pub-35015e19c4b442b9af31f1dfd941f47f.r2.dev/receipts/im_adaai_2024-11-01_25_0.jpg
312,https://pub-35015e19c4b442b9af31f1dfd941f47f.r2.dev/receipts/metropolis_parking_2024-11-01_21_0.jpg
313,https://pub-35015e19c4b442b9af31f1dfd941f47f.r2.dev/receipts/notion_labs_inc_2024-11-01_52_68.jpg
314,https://pub-35015e19c4b442b9af31f1dfd941f47f.r2.dev/receipts/sh_nashville_other_2024-11-01_23_27.jpg
315,https://pub-35015e19c4b442b9af31f1dfd941f47f.r2.dev/receipts/im_adaai_2024-11-03_25_0.jpg
316,https://pub-35015e19c4b442b9af31f1dfd941f47f.r2.dev/receipts/corner_pub_2024-11-04_39_87.jpg
317,https://pub-35015e19c4b442b9af31f1dfd941f47f.r2.dev/receipts/NO_RECEIPT_NEEDED
318,https://pub-35015e19c4b442b9af31f1dfd941f47f.r2.dev/receipts/pmc_paid_parking_2024-11-06_23_21_3.jpg
319,https://pub-35015e19c4b442b9af31f1dfd941f47f.r2.dev/receipts/sh_nashville_fb_2024-11-06_102_26.jpg
320,https://pub-35015e19c4b442b9af31f1dfd941f47f.r2.dev/receipts/imadaai_2024-11-07_50_00.jpg
321,https://pub-35015e19c4b442b9af31f1dfd941f47f.r2.dev/receipts/metropolis_parking_2024-11-07_26_25_3.jpg
322,https://pub-35015e19c4b442b9af31f1dfd941f47f.r2.dev/receipts/sq_cannery_hall_2024-11-07_20_64_3.jpg
323,https://pub-35015e19c4b442b9af31f1dfd941f47f.r2.dev/receipts/sq_district_coffee_2024-11-07_12_46_3.jpg
324,https://pub-35015e19c4b442b9af31f1dfd941f47f.r2.dev/receipts/calendarbridge_2024-11-08_10_0.jpg
325,https://pub-35015e19c4b442b9af31f1dfd941f47f.r2.dev/receipts/dd_doordash_laspalmas_2024-11-08_25_57.png
326,https://pub-35015e19c4b442b9af31f1dfd941f47f.r2.dev/receipts/metropolis_parking_2024-11-08_10_99_3.jpg
327,https://pub-35015e19c4b442b9af31f1dfd941f47f.r2.dev/receipts/sh_nashville_other_2024-11-08_45_24.PNG
328,https://pub-35015e19c4b442b9af31f1dfd941f47f.r2.dev/receipts/spotify_usa_2024-11-08_13_13_3.jpg
329,https://pub-35015e19c4b442b9af31f1dfd941f47f.r2.dev/receipts/im_adaai_2024-11-09_50_0.jpg
330,https://pub-35015e19c4b442b9af31f1dfd941f47f.r2.dev/receipts/sh_nashville_other_2024-11-12_176_99.jpg
331,https://pub-35015e19c4b442b9af31f1dfd941f47f.r2.dev/receipts/sh_nashville_fampb_2024-11-12_361_72.jpg
332,https://pub-35015e19c4b442b9af31f1dfd941f47f.r2.dev/receipts/givergy_charity_event_2024-11-13_1043_66_3.jpg
333,https://pub-35015e19c4b442b9af31f1dfd941f47f.r2.dev/receipts/metropolis_parking_2024-11-13_15_99_3.jpg
334,https://pub-35015e19c4b442b9af31f1dfd941f47f.r2.dev/receipts/sourcegraph_inc_2024-11-13_9_0.jpg
335,https://pub-35015e19c4b442b9af31f1dfd941f47f.r2.dev/receipts/sq_the_perch_2024-11-13_42_01.jpg
336,https://pub-35015e19c4b442b9af31f1dfd941f47f.r2.dev/receipts/12_south_taproom_amp_grill_2024-11-14_279_44.jpg
337,https://pub-35015e19c4b442b9af31f1dfd941f47f.r2.dev/receipts/anthropic_2024-11-14_27_44.jpg
338,https://pub-35015e19c4b442b9af31f1dfd941f47f.r2.dev/receipts/cloudflare_2024-11-14_5_0.jpg
339,https://pub-35015e19c4b442b9af31f1dfd941f47f.r2.dev/receipts/metropolis_parking_2024-11-14_15_99_3.jpg
340,https://pub-35015e19c4b442b9af31f1dfd941f47f.r2.dev/receipts/sh_nashville_other_2024-11-14_7_76.jpg
341,https://pub-35015e19c4b442b9af31f1dfd941f47f.r2.dev/receipts/metropolis_parking_2024-11-15_29_4.jpg
342,https://pub-35015e19c4b442b9af31f1dfd941f47f.r2.dev/receipts/metropolis_parking_2024-11-15_15_99_3.jpg
343,https://pub-35015e19c4b442b9af31f1dfd941f47f.r2.dev/receipts/NO_RECEIPT_NEEDED
344,https://pub-35015e19c4b442b9af31f1dfd941f47f.r2.dev/receipts/sh_nashville_other_2024-11-15_16_8.jpg
345,https://pub-35015e19c4b442b9af31f1dfd941f47f.r2.dev/receipts/NO_RECEIPT_NEEDED
346,https://pub-35015e19c4b442b9af31f1dfd941f47f.r2.dev/receipts/metropolis_parking_2024-11-16_26_25_3.jpg
347,https://pub-35015e19c4b442b9af31f1dfd941f47f.r2.dev/receipts/broadway_brewhouse_downto_2024-11-17_47_34_3.jpg
348,https://pub-35015e19c4b442b9af31f1dfd941f47f.r2.dev/receipts/chartmetric_2024-11-18_160_0.jpg
349,https://pub-35015e19c4b442b9af31f1dfd941f47f.r2.dev/receipts/marsh_house_2024-11-19_30_69.jpg
350,https://pub-35015e19c4b442b9af31f1dfd941f47f.r2.dev/receipts/im_adaai_2024-11-20_100_0.jpg
351,https://pub-35015e19c4b442b9af31f1dfd941f47f.r2.dev/receipts/metropolis_parking_2024-11-20_20_66.jpg
352,https://pub-35015e19c4b442b9af31f1dfd941f47f.r2.dev/receipts/metropolis_parking_2024-11-21_26_25_3.jpg
353,https://pub-35015e19c4b442b9af31f1dfd941f47f.r2.dev/receipts/parking_omni_nashville_pa_2024-11-21_34_96_3.jpg
354,https://pub-35015e19c4b442b9af31f1dfd941f47f.r2.dev/receipts/sh_nashville_other_2024-11-22_34_9.jpg
355,https://pub-35015e19c4b442b9af31f1dfd941f47f.r2.dev/receipts/sh_nashville_other_2024-11-22_59_46.png
356,https://pub-35015e19c4b442b9af31f1dfd941f47f.r2.dev/receipts/sh_nashville_other_2024-11-22_15_51.jpg
357,https://pub-35015e19c4b442b9af31f1dfd941f47f.r2.dev/receipts/metropolis_parking_2024-11-23_26_25_3.jpg
358,https://pub-35015e19c4b442b9af31f1dfd941f47f.r2.dev/receipts/claudeai_subscription_2024-11-24_21_95.jpg
359,https://pub-35015e19c4b442b9af31f1dfd941f47f.r2.dev/receipts/NO_RECEIPT_NEEDED
360,https://pub-35015e19c4b442b9af31f1dfd941f47f.r2.dev/receipts/sh_nashville_other_2024-11-24_52_99.jpg
361,https://pub-35015e19c4b442b9af31f1dfd941f47f.r2.dev/receipts/corner_pub_2024-11-25_72_89_3.jpg
362,https://pub-35015e19c4b442b9af31f1dfd941f47f.r2.dev/receipts/corner_pub_2024-11-25_51_98.heic
363,https://pub-35015e19c4b442b9af31f1dfd941f47f.r2.dev/receipts/metropolis_parking_2024-11-25_26_25_3.jpg
364,https://pub-35015e19c4b442b9af31f1dfd941f47f.r2.dev/receipts/sh_nashville_other_2024-11-25_38_78.jpg
365,https://pub-35015e19c4b442b9af31f1dfd941f47f.r2.dev/receipts/metropolis_parking_2024-11-26_26_25_3.jpg
366,https://pub-35015e19c4b442b9af31f1dfd941f47f.r2.dev/receipts/pmc_paid_parking_2024-11-27_12_84.jpg
367,https://pub-35015e19c4b442b9af31f1dfd941f47f.r2.dev/receipts/southwes_5262584463367_2024-11-27_884_98.jpg
368,https://pub-35015e19c4b442b9af31f1dfd941f47f.r2.dev/receipts/golden_nugget_hotel_lv_2024-11-29_123_17.png
369,https://pub-35015e19c4b442b9af31f1dfd941f47f.r2.dev/receipts/NO_RECEIPT_NEEDED
370,https://pub-35015e19c4b442b9af31f1dfd941f47f.r2.dev/receipts/im_adaai_2024-11-30_100_0.jpg
371,https://pub-35015e19c4b442b9af31f1dfd941f47f.r2.dev/receipts/midjourney_inc_2024-11-30_32_93.jpg
372,https://pub-35015e19c4b442b9af31f1dfd941f47f.r2.dev/receipts/expensify_inc_2024-12-01_19_76_3.jpg
373,https://pub-35015e19c4b442b9af31f1dfd941f47f.r2.dev/receipts/so_pt_catalina_bar_2024-12-02_11_00.jpg
374,https://pub-35015e19c4b442b9af31f1dfd941f47f.r2.dev/receipts/the_urban_juicer_2024-12-02_12_25_3.jpg
375,https://pub-35015e19c4b442b9af31f1dfd941f47f.r2.dev/receipts/uber_trip_2024-12-02_51_07_3.jpg
376,https://pub-35015e19c4b442b9af31f1dfd941f47f.r2.dev/receipts/uber_trip_2024-12-02_37_14_3.jpg
377,https://pub-35015e19c4b442b9af31f1dfd941f47f.r2.dev/receipts/wendys_652_2024-12-02_20_14.jpg
378,https://pub-35015e19c4b442b9af31f1dfd941f47f.r2.dev/receipts/cosmopol_blue_ribbon_2024-12-03_708_64.jpg
379,https://pub-35015e19c4b442b9af31f1dfd941f47f.r2.dev/receipts/rwlv_rw_store_hilton_2024-12-03_31_67_3.jpg
380,https://pub-35015e19c4b442b9af31f1dfd941f47f.r2.dev/receipts/starbucks_65853_2024-12-03_22_37_3.jpg
381,https://pub-35015e19c4b442b9af31f1dfd941f47f.r2.dev/receipts/uber_trip_2024-12-03_28_46_3.png
382,https://pub-35015e19c4b442b9af31f1dfd941f47f.r2.dev/receipts/uber_trip_2024-12-03_48_15.jpg
383,https://pub-35015e19c4b442b9af31f1dfd941f47f.r2.dev/receipts/uber_trip_2024-12-03_24_22.jpg
384,https://pub-35015e19c4b442b9af31f1dfd941f47f.r2.dev/receipts/curb_lv_taxi_nellis_2024-12-04_37_18.jpg
385,https://pub-35015e19c4b442b9af31f1dfd941f47f.r2.dev/receipts/curb_lv_taxi_ycs_2024-12-04_46_32.jpg
386,https://pub-35015e19c4b442b9af31f1dfd941f47f.r2.dev/receipts/professional_rodeo_cowbo_2024-12-04_75_0.jpeg
387,https://pub-35015e19c4b442b9af31f1dfd941f47f.r2.dev/receipts/amazoncomzr2c09zc2_2024-12-05_971_97.jpg
388,https://pub-35015e19c4b442b9af31f1dfd941f47f.r2.dev/receipts/bonannos_ny_pizzeria_d_2024-12-05_38_82_3.jpg
389,https://pub-35015e19c4b442b9af31f1dfd941f47f.r2.dev/receipts/chick_fil_a_las_vegas_2024-12-05_24_25.jpg
390,https://pub-35015e19c4b442b9af31f1dfd941f47f.r2.dev/receipts/desert_cab_2024-12-05_34_44.jpg
391,https://pub-35015e19c4b442b9af31f1dfd941f47f.r2.dev/receipts/las_vegas_convention_ctr_2024-12-05_26_5.jpg
392,https://pub-35015e19c4b442b9af31f1dfd941f47f.r2.dev/receipts/NO_RECEIPT_NEEDED
393,https://pub-35015e19c4b442b9af31f1dfd941f47f.r2.dev/receipts/uber_trip_2024-12-05_21_51_3.jpg
394,https://pub-35015e19c4b442b9af31f1dfd941f47f.r2.dev/receipts/cosmopol_bang_bar_2024-12-06_33_38.jpg
395,https://pub-35015e19c4b442b9af31f1dfd941f47f.r2.dev/receipts/curb_lv_taxi_ycs_2024-12-06_29_87.jpg
396,https://pub-35015e19c4b442b9af31f1dfd941f47f.r2.dev/receipts/curb_lv_taxi_ycs_2024-12-06_18_89_3.jpg
397,https://pub-35015e19c4b442b9af31f1dfd941f47f.r2.dev/receipts/desert_cab_2024-12-06_43_49_3.jpg
398,https://pub-35015e19c4b442b9af31f1dfd941f47f.r2.dev/receipts/port_of_subs_0053_2024-12-06_17_55_3.jpg
400,https://pub-35015e19c4b442b9af31f1dfd941f47f.r2.dev/receipts/uber_trip_2024-12-06_20_84.jpg
401,https://pub-35015e19c4b442b9af31f1dfd941f47f.r2.dev/receipts/uber_trip_2024-12-06_54_93.jpg
402,https://pub-35015e19c4b442b9af31f1dfd941f47f.r2.dev/receipts/uber_trip_2024-12-06_35_21_3.jpg
404,https://pub-35015e19c4b442b9af31f1dfd941f47f.r2.dev/receipts/cursor_ai_powered_ide_2024-12-07_20_0.jpg
405,https://pub-35015e19c4b442b9af31f1dfd941f47f.r2.dev/receipts/desert_star_lounge_2024-12-07_19_0.jpg
406,https://pub-35015e19c4b442b9af31f1dfd941f47f.r2.dev/receipts/golden_nugget_hotel_lv_2024-12-07_1142_43.png
407,https://pub-35015e19c4b442b9af31f1dfd941f47f.r2.dev/receipts/hoteltonightvirgin_ho_2024-12-07_355_0.png
408,https://pub-35015e19c4b442b9af31f1dfd941f47f.r2.dev/receipts/pizza_forte_hard_rock_2024-12-07_33_16.jpg
409,https://pub-35015e19c4b442b9af31f1dfd941f47f.r2.dev/receipts/southwes_5262587584631_2024-12-07_664_98.jpg
410,https://pub-35015e19c4b442b9af31f1dfd941f47f.r2.dev/receipts/uber_trip_2024-12-07_34_68.png
411,https://pub-35015e19c4b442b9af31f1dfd941f47f.r2.dev/receipts/vhlv_chow_fun_2024-12-07_40_6.jpg
412,https://pub-35015e19c4b442b9af31f1dfd941f47f.r2.dev/receipts/calendarbridge_2024-12-08_10_0.jpg
413,https://pub-35015e19c4b442b9af31f1dfd941f47f.r2.dev/receipts/spotify_usa_2024-12-08_13_13_3.jpg
414,https://pub-35015e19c4b442b9af31f1dfd941f47f.r2.dev/receipts/vhlv_kitchen_at_common_2024-12-08_35_0.jpg
416,https://pub-35015e19c4b442b9af31f1dfd941f47f.r2.dev/receipts/uber_trip_2024-12-09_34_07_3.jpg
417,https://pub-35015e19c4b442b9af31f1dfd941f47f.r2.dev/receipts/uber_trip_2024-12-09_46_83.jpg
418,https://pub-35015e19c4b442b9af31f1dfd941f47f.r2.dev/receipts/metropolis_parking_2024-12-12_21_0.jpg
419,https://pub-35015e19c4b442b9af31f1dfd941f47f.r2.dev/receipts/sh_nashville_other_2024-12-12_15_51.png
420,https://pub-35015e19c4b442b9af31f1dfd941f47f.r2.dev/receipts/sourcegraph_inc_2024-12-13_9_0.jpg
421,https://pub-35015e19c4b442b9af31f1dfd941f47f.r2.dev/receipts/NO_RECEIPT_NEEDED
422,https://pub-35015e19c4b442b9af31f1dfd941f47f.r2.dev/receipts/cloudflare_2024-12-14_5_0.jpg
424,https://pub-35015e19c4b442b9af31f1dfd941f47f.r2.dev/receipts/NO_RECEIPT_NEEDED
425,https://pub-35015e19c4b442b9af31f1dfd941f47f.r2.dev/receipts/NO_RECEIPT_NEEDED
426,https://pub-35015e19c4b442b9af31f1dfd941f47f.r2.dev/receipts/sh_nashville_other_2024-12-16_45_24.jpg
427,https://pub-35015e19c4b442b9af31f1dfd941f47f.r2.dev/receipts/metropolis_parking_2024-12-17_21_0.jpg
428,https://pub-35015e19c4b442b9af31f1dfd941f47f.r2.dev/receipts/tstcrows_nest_2024-12-17_80_7.jpg
429,https://pub-35015e19c4b442b9af31f1dfd941f47f.r2.dev/receipts/chartmetric_2024-12-18_160_0.jpg
430,https://pub-35015e19c4b442b9af31f1dfd941f47f.r2.dev/receipts/metropolis_parking_2024-12-18_15_99_3.jpg
431,https://pub-35015e19c4b442b9af31f1dfd941f47f.r2.dev/receipts/w_nashville_2024-12-18_55_98.jpg
432,https://pub-35015e19c4b442b9af31f1dfd941f47f.r2.dev/receipts/w_nashville_2024-12-18_180_0.jpg
433,https://pub-35015e19c4b442b9af31f1dfd941f47f.r2.dev/receipts/corner_pub_2024-12-19_130_12_3.jpg
434,https://pub-35015e19c4b442b9af31f1dfd941f47f.r2.dev/receipts/metropolis_parking_2024-12-19_16_29.jpg
435,https://pub-35015e19c4b442b9af31f1dfd941f47f.r2.dev/receipts/rostr_pro_trial_over_2024-12-19_360_0.jpg
436,https://pub-35015e19c4b442b9af31f1dfd941f47f.r2.dev/receipts/sh_nashville_other_2024-12-20_20_68.jpg
437,https://pub-35015e19c4b442b9af31f1dfd941f47f.r2.dev/receipts/tstgreen_hills_grille_2024-12-20_49_84_3.jpg
438,https://pub-35015e19c4b442b9af31f1dfd941f47f.r2.dev/receipts/NO_RECEIPT_NEEDED
439,https://pub-35015e19c4b442b9af31f1dfd941f47f.r2.dev/receipts/cursor_ai_powered_ide_2024-12-21_24_43.jpg
440,https://pub-35015e19c4b442b9af31f1dfd941f47f.r2.dev/receipts/NO_RECEIPT_NEEDED
441,https://pub-35015e19c4b442b9af31f1dfd941f47f.r2.dev/receipts/claudeai_subscription_2024-12-24_21_95.jpg
442,https://pub-35015e19c4b442b9af31f1dfd941f47f.r2.dev/receipts/pikaart_2024-12-24_28_0.jpg
443,https://pub-35015e19c4b442b9af31f1dfd941f47f.r2.dev/receipts/shoeboxed_trial_prof_2024-12-25_44_25_3.jpg
445,https://pub-35015e19c4b442b9af31f1dfd941f47f.r2.dev/receipts/little_caesars_1890_0003_2024-12-30_51_3.jpg
446,https://pub-35015e19c4b442b9af31f1dfd941f47f.r2.dev/receipts/midjourney_inc_2024-12-30_32_93.jpg
447,https://pub-35015e19c4b442b9af31f1dfd941f47f.r2.dev/receipts/expensify_inc_2025-01-01_19_76_3.jpg
448,https://pub-35015e19c4b442b9af31f1dfd941f47f.r2.dev/receipts/del_friscos_gril_brntwod_2025-01-04_78_36.jpg
449,https://pub-35015e19c4b442b9af31f1dfd941f47f.r2.dev/receipts/del_friscos_gril_brntwod_2025-01-04_65_88.jpg
450,https://pub-35015e19c4b442b9af31f1dfd941f47f.r2.dev/receipts/the_goat_mount_juliet_2025-01-05_155_6.jpg
451,https://pub-35015e19c4b442b9af31f1dfd941f47f.r2.dev/receipts/metropolis_parking_2025-01-06_18_47.jpg
452,https://pub-35015e19c4b442b9af31f1dfd941f47f.r2.dev/receipts/metropolis_parking_2025-01-06_15_99_3.jpg
453,https://pub-35015e19c4b442b9af31f1dfd941f47f.r2.dev/receipts/sh_nashville_other_2025-01-06_72_38.jpg
454,https://pub-35015e19c4b442b9af31f1dfd941f47f.r2.dev/receipts/the_donelson_pub_2025-01-06_13_5.jpg
455,https://pub-35015e19c4b442b9af31f1dfd941f47f.r2.dev/receipts/the_donelson_pub_2025-01-06_50_0.jpg
456,https://pub-35015e19c4b442b9af31f1dfd941f47f.r2.dev/receipts/cursor_ai_powered_ide_2025-01-07_100_0.png
457,https://pub-35015e19c4b442b9af31f1dfd941f47f.r2.dev/receipts/sq_monamie_coffee_2025-01-07_16_54.jpg
458,https://pub-35015e19c4b442b9af31f1dfd941f47f.r2.dev/receipts/calendarbridge_2025-01-08_10_0.jpg
459,https://pub-35015e19c4b442b9af31f1dfd941f47f.r2.dev/receipts/metropolis_parking_2025-01-08_17_88.jpg
460,https://pub-35015e19c4b442b9af31f1dfd941f47f.r2.dev/receipts/spotify_usa_2025-01-08_13_13_3.jpg
461,https://pub-35015e19c4b442b9af31f1dfd941f47f.r2.dev/receipts/tstdiceys_tavern_nas_2025-01-08_24_56.png
462,https://pub-35015e19c4b442b9af31f1dfd941f47f.r2.dev/receipts/metropolis_parking_2025-01-09_21_0.jpg
463,https://pub-35015e19c4b442b9af31f1dfd941f47f.r2.dev/receipts/pmc_paid_parking_2025-01-09_23_21.png
464,https://pub-35015e19c4b442b9af31f1dfd941f47f.r2.dev/receipts/NO_RECEIPT_NEEDED
465,https://pub-35015e19c4b442b9af31f1dfd941f47f.r2.dev/receipts/NO_RECEIPT_NEEDED
466,https://pub-35015e19c4b442b9af31f1dfd941f47f.r2.dev/receipts/sourcegraph_inc_2025-01-13_9_0.jpg
467,https://pub-35015e19c4b442b9af31f1dfd941f47f.r2.dev/receipts/cloudflare_2025-01-14_5_0.jpg
468,https://pub-35015e19c4b442b9af31f1dfd941f47f.r2.dev/receipts/metropolis_parking_2025-01-14_9_73_3.jpg
469,https://pub-35015e19c4b442b9af31f1dfd941f47f.r2.dev/receipts/pmc_paid_parking_2025-01-14_26_22.jpg
470,https://pub-35015e19c4b442b9af31f1dfd941f47f.r2.dev/receipts/cloudflare_2025-01-15_4_84.jpg
471,https://pub-35015e19c4b442b9af31f1dfd941f47f.r2.dev/receipts/jersey_mikes_online_uc_2025-01-15_50_28_3.jpg
472,https://pub-35015e19c4b442b9af31f1dfd941f47f.r2.dev/receipts/NO_RECEIPT_NEEDED
473,https://pub-35015e19c4b442b9af31f1dfd941f47f.r2.dev/receipts/NO_RECEIPT_NEEDED
474,https://pub-35015e19c4b442b9af31f1dfd941f47f.r2.dev/receipts/tst_melrose_billiard_par_2025-01-16_78_0.jpg
475,https://pub-35015e19c4b442b9af31f1dfd941f47f.r2.dev/receipts/metropolis_parking_2025-01-17_26_25_3.jpg
476,https://pub-35015e19c4b442b9af31f1dfd941f47f.r2.dev/receipts/chartmetric_2025-01-18_160_0.jpg
477,https://pub-35015e19c4b442b9af31f1dfd941f47f.r2.dev/receipts/metropolis_parking_2025-01-18_10_23_3.jpg
478,https://pub-35015e19c4b442b9af31f1dfd941f47f.r2.dev/receipts/cursor_ai_powered_ide_2025-01-20_11_46.jpg
479,https://pub-35015e19c4b442b9af31f1dfd941f47f.r2.dev/receipts/sh_nashville_other_2025-01-21_7_76.png
480,https://pub-35015e19c4b442b9af31f1dfd941f47f.r2.dev/receipts/sh_nashville_other_2025-01-21_45_24.PNG
481,https://pub-35015e19c4b442b9af31f1dfd941f47f.r2.dev/receipts/sh_nashville_other_2025-01-21_15_51.jpg
482,https://pub-35015e19c4b442b9af31f1dfd941f47f.r2.dev/receipts/barlines_omni_nashvill_2025-01-22_11_78.jpg
483,https://pub-35015e19c4b442b9af31f1dfd941f47f.r2.dev/receipts/metropolis_parking_2025-01-22_26_25_3.jpg
484,https://pub-35015e19c4b442b9af31f1dfd941f47f.r2.dev/receipts/sh_nashville_other_2025-01-22_52_99.PNG
485,https://pub-35015e19c4b442b9af31f1dfd941f47f.r2.dev/receipts/sh_nashville_other_2025-01-22_7_76.png
486,https://pub-35015e19c4b442b9af31f1dfd941f47f.r2.dev/receipts/metropolis_parking_2025-01-23_26_25_3.jpg
487,https://pub-35015e19c4b442b9af31f1dfd941f47f.r2.dev/receipts/claudeai_subscription_2025-01-24_21_95.jpg
488,https://pub-35015e19c4b442b9af31f1dfd941f47f.r2.dev/receipts/pikaart_2025-01-24_35_0.jpg
489,https://pub-35015e19c4b442b9af31f1dfd941f47f.r2.dev/receipts/shoeboxedcom_2025-01-25_44_25.jpg
490,https://pub-35015e19c4b442b9af31f1dfd941f47f.r2.dev/receipts/uber_trip_2025-01-29_12_72_3.jpg
491,https://pub-35015e19c4b442b9af31f1dfd941f47f.r2.dev/receipts/midjourney_inc_2025-01-30_32_93.jpg
492,https://pub-35015e19c4b442b9af31f1dfd941f47f.r2.dev/receipts/uber_trip_2025-01-30_59_62.jpg
493,https://pub-35015e19c4b442b9af31f1dfd941f47f.r2.dev/receipts/expensify_inc_2025-02-01_19_76_3.jpg
494,https://pub-35015e19c4b442b9af31f1dfd941f47f.r2.dev/receipts/cursor_usage_jan_2025-02-03_15_92_3.jpg
495,https://pub-35015e19c4b442b9af31f1dfd941f47f.r2.dev/receipts/shopify_326422835_2025-02-03_1_1.png
496,https://pub-35015e19c4b442b9af31f1dfd941f47f.r2.dev/receipts/southwes_5262307132361_2025-02-04_526_96.jpg
497,https://pub-35015e19c4b442b9af31f1dfd941f47f.r2.dev/receipts/metropolis_parking_2025-02-05_15_99_3.jpg
498,https://pub-35015e19c4b442b9af31f1dfd941f47f.r2.dev/receipts/pmc_paid_parking_2025-02-05_8_40.jpg
499,https://pub-35015e19c4b442b9af31f1dfd941f47f.r2.dev/receipts/sh_nashville_fampb_2025-02-05_65_86.jpg
500,https://pub-35015e19c4b442b9af31f1dfd941f47f.r2.dev/receipts/tstbrowns_diner_2025-02-05_105_38.jpg
501,https://pub-35015e19c4b442b9af31f1dfd941f47f.r2.dev/receipts/cloudflare_2025-02-06_240_0.jpg
502,https://pub-35015e19c4b442b9af31f1dfd941f47f.r2.dev/receipts/char_green_hills_2025-02-07_19_37_3.jpg
504,https://pub-35015e19c4b442b9af31f1dfd941f47f.r2.dev/receipts/first_watch_0462_2025-02-07_38_73.jpg
505,https://pub-35015e19c4b442b9af31f1dfd941f47f.r2.dev/receipts/pmc_paid_parking_2025-02-07_17_29.png
506,https://pub-35015e19c4b442b9af31f1dfd941f47f.r2.dev/receipts/pmc_paid_parking_2025-02-07_12_35.png
507,https://pub-35015e19c4b442b9af31f1dfd941f47f.r2.dev/receipts/calendarbridge_2025-02-08_10_0.jpg
508,https://pub-35015e19c4b442b9af31f1dfd941f47f.r2.dev/receipts/spotify_usa_2025-02-08_13_13_3.jpg
509,https://pub-35015e19c4b442b9af31f1dfd941f47f.r2.dev/receipts/4289_tony_amp_bennys_2025-02-11_24_05_3.jpg
510,https://pub-35015e19c4b442b9af31f1dfd941f47f.r2.dev/receipts/arthouse_hotel_new_york_c_2025-02-11_44_75_3.jpg
511,https://pub-35015e19c4b442b9af31f1dfd941f47f.r2.dev/receipts/hoteltonightarthouse_2025-02-11_159_0.jpg
512,https://pub-35015e19c4b442b9af31f1dfd941f47f.r2.dev/receipts/sq_breads_bakery_upper_e_2025-02-11_14_24_3.jpg
513,https://pub-35015e19c4b442b9af31f1dfd941f47f.r2.dev/receipts/uber_trip_2025-02-11_7_0.jpg
514,https://pub-35015e19c4b442b9af31f1dfd941f47f.r2.dev/receipts/uber_trip_2025-02-11_46_74_3.jpg
515,https://pub-35015e19c4b442b9af31f1dfd941f47f.r2.dev/receipts/uber_trip_2025-02-11_27_39_3.jpg
516,https://pub-35015e19c4b442b9af31f1dfd941f47f.r2.dev/receipts/uber_trip_2025-02-11_55_15.jpg
517,https://pub-35015e19c4b442b9af31f1dfd941f47f.r2.dev/receipts/uber_trip_2025-02-11_83_96.jpg
518,https://pub-35015e19c4b442b9af31f1dfd941f47f.r2.dev/receipts/uber_trip_2025-02-11_69_52.jpg
519,https://pub-35015e19c4b442b9af31f1dfd941f47f.r2.dev/receipts/uber_trip_2025-02-11_37_98.jpg
520,https://pub-35015e19c4b442b9af31f1dfd941f47f.r2.dev/receipts/uber_trip_2025-02-11_104_68_3.jpg
521,https://pub-35015e19c4b442b9af31f1dfd941f47f.r2.dev/receipts/missing_receipt_mcr_02-12-2025_1b3e9e22.jpg
522,https://pub-35015e19c4b442b9af31f1dfd941f47f.r2.dev/receipts/missing_receipt_mcr_02-12-2025_0b339826.jpg
523,https://pub-35015e19c4b442b9af31f1dfd941f47f.r2.dev/receipts/uber_trip_2025-02-12_40_95_3.jpg
524,https://pub-35015e19c4b442b9af31f1dfd941f47f.r2.dev/receipts/NO_RECEIPT_NEEDED
525,https://pub-35015e19c4b442b9af31f1dfd941f47f.r2.dev/receipts/sourcegraph_inc_2025-02-13_9_0.jpg
526,https://pub-35015e19c4b442b9af31f1dfd941f47f.r2.dev/receipts/cloudflare_2025-02-14_10_0.jpg
527,https://pub-35015e19c4b442b9af31f1dfd941f47f.r2.dev/receipts/uber_trip_2025-02-14_55_95_3.jpg
528,https://pub-35015e19c4b442b9af31f1dfd941f47f.r2.dev/receipts/NO_RECEIPT_NEEDED
529,https://pub-35015e19c4b442b9af31f1dfd941f47f.r2.dev/receipts/NO_RECEIPT_NEEDED
530,https://pub-35015e19c4b442b9af31f1dfd941f47f.r2.dev/receipts/NO_RECEIPT_NEEDED
531,https://pub-35015e19c4b442b9af31f1dfd941f47f.r2.dev/receipts/NO_RECEIPT_NEEDED
532,https://pub-35015e19c4b442b9af31f1dfd941f47f.r2.dev/receipts/NO_RECEIPT_NEEDED
533,https://pub-35015e19c4b442b9af31f1dfd941f47f.r2.dev/receipts/uber_trip_2025-02-18_57_62.jpg
534,https://pub-35015e19c4b442b9af31f1dfd941f47f.r2.dev/receipts/cursor_usage_mid_feb_2025-02-20_20_0.jpg
535,https://pub-35015e19c4b442b9af31f1dfd941f47f.r2.dev/receipts/sh_nashville_other_2025-02-20_7_79.PNG
536,https://pub-35015e19c4b442b9af31f1dfd941f47f.r2.dev/receipts/sh_nashville_fampb_2025-02-20_261_61.jpg
537,https://pub-35015e19c4b442b9af31f1dfd941f47f.r2.dev/receipts/metropolis_parking_2025-02-21_26_25_3.jpg
538,https://pub-35015e19c4b442b9af31f1dfd941f47f.r2.dev/receipts/claudeai_subscription_2025-02-24_21_95.jpg
539,https://pub-35015e19c4b442b9af31f1dfd941f47f.r2.dev/receipts/hattiebs_2025-02-24_65_78_3.jpg
540,https://pub-35015e19c4b442b9af31f1dfd941f47f.r2.dev/receipts/shoeboxedcom_2025-02-25_44_25_3.jpg
541,https://pub-35015e19c4b442b9af31f1dfd941f47f.r2.dev/receipts/tst_bootleggers_inn_2025-02-25_49_61.jpg
542,https://pub-35015e19c4b442b9af31f1dfd941f47f.r2.dev/receipts/tst_tn731_cambria_na_2025-02-25_51_0.jpg
543,https://pub-35015e19c4b442b9af31f1dfd941f47f.r2.dev/receipts/corner_pub_2025-02-26_65_36.jpg
544,https://pub-35015e19c4b442b9af31f1dfd941f47f.r2.dev/receipts/cursor_usage_mid_feb_2025-02-26_20_0.jpg
545,https://pub-35015e19c4b442b9af31f1dfd941f47f.r2.dev/receipts/jersey_oven_bagels_2025-02-26_64_57.jpg
546,https://pub-35015e19c4b442b9af31f1dfd941f47f.r2.dev/receipts/metropolis_parking_2025-02-26_15_99.jpg
547,https://pub-35015e19c4b442b9af31f1dfd941f47f.r2.dev/receipts/sh_nashville_other_2025-02-26_85_64.jpg
548,https://pub-35015e19c4b442b9af31f1dfd941f47f.r2.dev/receipts/NO_RECEIPT_NEEDED
549,https://pub-35015e19c4b442b9af31f1dfd941f47f.r2.dev/receipts/metropolis_parking_2025-02-28_9_73_3.jpg
550,https://pub-35015e19c4b442b9af31f1dfd941f47f.r2.dev/receipts/midjourney_inc_2025-02-28_32_93.jpg
551,https://pub-35015e19c4b442b9af31f1dfd941f47f.r2.dev/receipts/expensify_inc_2025-03-01_19_76_3.jpg
552,https://pub-35015e19c4b442b9af31f1dfd941f47f.r2.dev/receipts/google_gsuite_musicci_2025-03-01_31_05.png
553,https://pub-35015e19c4b442b9af31f1dfd941f47f.r2.dev/receipts/NO_RECEIPT_NEEDED
554,https://pub-35015e19c4b442b9af31f1dfd941f47f.r2.dev/receipts/cursor_usage_feb_2025-03-03_3_68.jpg
555,https://pub-35015e19c4b442b9af31f1dfd941f47f.r2.dev/receipts/shopify_338140302_2025-03-05_381_93.png
556,https://pub-35015e19c4b442b9af31f1dfd941f47f.r2.dev/receipts/sir_speedy_music_city_2025-03-05_807_76.jpg
557,https://pub-35015e19c4b442b9af31f1dfd941f47f.r2.dev/receipts/taco_bell_723232_2025-03-05_21_0.jpg
558,https://pub-35015e19c4b442b9af31f1dfd941f47f.r2.dev/receipts/pmc_paid_parking_2025-03-06_26_18.png
559,https://pub-35015e19c4b442b9af31f1dfd941f47f.r2.dev/receipts/pmc_paid_parking_2025-03-06_29_63.jpg
560,https://pub-35015e19c4b442b9af31f1dfd941f47f.r2.dev/receipts/sh_nashville_other_2025-03-06_49_31.PNG
561,https://pub-35015e19c4b442b9af31f1dfd941f47f.r2.dev/receipts/sh_nashville_other_2025-03-06_23_36.jpg
562,https://pub-35015e19c4b442b9af31f1dfd941f47f.r2.dev/receipts/tst_just_love_coffee_m_2025-03-06_30_92.jpg
563,https://pub-35015e19c4b442b9af31f1dfd941f47f.r2.dev/receipts/NO_RECEIPT_NEEDED
564,https://pub-35015e19c4b442b9af31f1dfd941f47f.r2.dev/receipts/cursor_ai_powered_ide_2025-03-07_20_0.jpg
565,https://pub-35015e19c4b442b9af31f1dfd941f47f.r2.dev/receipts/easyfaqio_2025-03-07_4_0.jpg
566,https://pub-35015e19c4b442b9af31f1dfd941f47f.r2.dev/receipts/laz_parking_m32180_flowb_2025-03-07_4_88.jpg
567,https://pub-35015e19c4b442b9af31f1dfd941f47f.r2.dev/receipts/calendarbridge_2025-03-08_10_0.jpg
568,https://pub-35015e19c4b442b9af31f1dfd941f47f.r2.dev/receipts/spotify_usa_2025-03-08_13_13_3.jpg
569,https://pub-35015e19c4b442b9af31f1dfd941f47f.r2.dev/receipts/sh_nashville_other_2025-03-09_112_84.jpg
570,https://pub-35015e19c4b442b9af31f1dfd941f47f.r2.dev/receipts/cursor_usage_mid_mar_2025-03-11_20_0.jpg
571,https://pub-35015e19c4b442b9af31f1dfd941f47f.r2.dev/receipts/jelly_rolls_good_night_na_2025-03-12_57_78_3.jpg
572,https://pub-35015e19c4b442b9af31f1dfd941f47f.r2.dev/receipts/metropolis_parking_2025-03-13_36_75_3.jpg
573,https://pub-35015e19c4b442b9af31f1dfd941f47f.r2.dev/receipts/sourcegraph_inc_2025-03-13_9_0.jpg
575,https://pub-35015e19c4b442b9af31f1dfd941f47f.r2.dev/receipts/cloudflare_2025-03-14_10_0.jpg
576,https://pub-35015e19c4b442b9af31f1dfd941f47f.r2.dev/receipts/NO_RECEIPT_NEEDED
577,https://pub-35015e19c4b442b9af31f1dfd941f47f.r2.dev/receipts/NO_RECEIPT_NEEDED
578,https://pub-35015e19c4b442b9af31f1dfd941f47f.r2.dev/receipts/cursor_usage_mid_mar_2025-03-20_20_0.jpg
579,https://pub-35015e19c4b442b9af31f1dfd941f47f.r2.dev/receipts/hive_co_2025-03-20_199_2.jpg
580,https://pub-35015e19c4b442b9af31f1dfd941f47f.r2.dev/receipts/huggingface_2025-03-21_9_0.jpg
581,https://pub-35015e19c4b442b9af31f1dfd941f47f.r2.dev/receipts/metropolis_parking_2025-03-21_15_99_3.jpg
582,https://pub-35015e19c4b442b9af31f1dfd941f47f.r2.dev/receipts/southwes_5262325012995_2025-03-22_11_2.jpg
583,https://pub-35015e19c4b442b9af31f1dfd941f47f.r2.dev/receipts/tst_two_hands_nashvill_2025-03-22_46_45.jpg
585,https://pub-35015e19c4b442b9af31f1dfd941f47f.r2.dev/receipts/NO_RECEIPT_NEEDED
586,https://pub-35015e19c4b442b9af31f1dfd941f47f.r2.dev/receipts/holiday_inn_nrgmedica_2025-03-23_59_44.jpg
587,https://pub-35015e19c4b442b9af31f1dfd941f47f.r2.dev/receipts/claudeai_subscription_2025-03-24_21_95.jpg
588,https://pub-35015e19c4b442b9af31f1dfd941f47f.r2.dev/receipts/dd_doordash_shipleydo_2025-03-24_26_65.jpg
589,https://pub-35015e19c4b442b9af31f1dfd941f47f.r2.dev/receipts/hoteltonightholiday_i_2025-03-24_220_0.png
590,https://pub-35015e19c4b442b9af31f1dfd941f47f.r2.dev/receipts/12_south_taproom_amp_grill_2025-03-25_66_83.jpg
591,https://pub-35015e19c4b442b9af31f1dfd941f47f.r2.dev/receipts/metropolis_parking_2025-03-25_36_72.jpg
592,https://pub-35015e19c4b442b9af31f1dfd941f47f.r2.dev/receipts/obsidianmd_2025-03-25_48_0.jpg
593,https://pub-35015e19c4b442b9af31f1dfd941f47f.r2.dev/receipts/pmc_paid_parking_2025-03-25_30_73.png
594,https://pub-35015e19c4b442b9af31f1dfd941f47f.r2.dev/receipts/cursor_usage_mid_mar_2025-03-28_20_0.jpg
595,https://pub-35015e19c4b442b9af31f1dfd941f47f.r2.dev/receipts/elementorcom_2025-03-28_299_88.jpg
597,https://pub-35015e19c4b442b9af31f1dfd941f47f.r2.dev/receipts/hive_co_2025-03-28_925_61.jpg
598,https://pub-35015e19c4b442b9af31f1dfd941f47f.r2.dev/receipts/elementor-invoice-ZINV00318467.jpg
599,https://pub-35015e19c4b442b9af31f1dfd941f47f.r2.dev/receipts/htlspringhillsuit_2025-03-29_2520_25_3.png
600,https://pub-35015e19c4b442b9af31f1dfd941f47f.r2.dev/receipts/midjourney_inc_2025-03-30_32_93.jpg
601,https://pub-35015e19c4b442b9af31f1dfd941f47f.r2.dev/receipts/cursor_usage_mid_mar_2025-03-31_20_0.jpg
602,https://pub-35015e19c4b442b9af31f1dfd941f47f.r2.dev/receipts/metropolis_parking_2025-03-31_21_0.jpg
603,https://pub-35015e19c4b442b9af31f1dfd941f47f.r2.dev/receipts/sh_nashville_fampb_2025-03-31_36_88.jpg
604,https://pub-35015e19c4b442b9af31f1dfd941f47f.r2.dev/receipts/anthropic_2025-04-01_27_44.jpg
605,https://pub-35015e19c4b442b9af31f1dfd941f47f.r2.dev/receipts/expensify_inc_2025-04-01_19_76_3.jpg
606,https://pub-35015e19c4b442b9af31f1dfd941f47f.r2.dev/receipts/google_gsuite_musicci_2025-04-01_123_37.png
607,https://pub-35015e19c4b442b9af31f1dfd941f47f.r2.dev/receipts/anthropic_2025-04-02_109_75.jpg
608,https://pub-35015e19c4b442b9af31f1dfd941f47f.r2.dev/receipts/anthropic_2025-04-02_27_44.jpg
609,https://pub-35015e19c4b442b9af31f1dfd941f47f.r2.dev/receipts/metropolis_parking_2025-04-04_15_15.jpg
610,https://pub-35015e19c4b442b9af31f1dfd941f47f.r2.dev/receipts/metropolis_parking_2025-04-04_26_25_3.jpg
611,https://pub-35015e19c4b442b9af31f1dfd941f47f.r2.dev/receipts/NO_RECEIPT_NEEDED
612,https://pub-35015e19c4b442b9af31f1dfd941f47f.r2.dev/receipts/sh_nashville_other_2025-04-04_33_74.PNG
613,https://pub-35015e19c4b442b9af31f1dfd941f47f.r2.dev/receipts/sh_nashville_other_2025-04-04_11_68.jpg
614,https://pub-35015e19c4b442b9af31f1dfd941f47f.r2.dev/receipts/sh_nashville_other_2025-04-04_37_63.jpg
615,https://pub-35015e19c4b442b9af31f1dfd941f47f.r2.dev/receipts/NO_RECEIPT_NEEDED
617,https://pub-35015e19c4b442b9af31f1dfd941f47f.r2.dev/receipts/cursor_usage_mid_apr_2025-04-06_20_0.jpg
618,https://pub-35015e19c4b442b9af31f1dfd941f47f.r2.dev/receipts/cursor_ai_powered_ide_2025-04-07_20_0.jpg
619,https://pub-35015e19c4b442b9af31f1dfd941f47f.r2.dev/receipts/easyfaqio_2025-04-07_4_0.jpg
620,https://pub-35015e19c4b442b9af31f1dfd941f47f.r2.dev/receipts/southwes_5262331370012_2025-04-07_1014_96.jpg
621,https://pub-35015e19c4b442b9af31f1dfd941f47f.r2.dev/receipts/calendarbridge_2025-04-08_10_0.jpg
622,https://pub-35015e19c4b442b9af31f1dfd941f47f.r2.dev/receipts/spotify_usa_2025-04-08_13_13_3.jpg
623,https://pub-35015e19c4b442b9af31f1dfd941f47f.r2.dev/receipts/topaz_labs_software_2025-04-08_92_19.jpg
624,https://pub-35015e19c4b442b9af31f1dfd941f47f.r2.dev/receipts/sh_nashville_other_2025-04-10_32_44.PNG
625,https://pub-35015e19c4b442b9af31f1dfd941f47f.r2.dev/receipts/tstgreen_hills_grille_2025-04-10_217_4.jpg
626,https://pub-35015e19c4b442b9af31f1dfd941f47f.r2.dev/receipts/hoteltonightholiday_i_2025-04-11_380_0.png
627,https://pub-35015e19c4b442b9af31f1dfd941f47f.r2.dev/receipts/metropolis_parking_2025-04-11_21_0.jpg
628,https://pub-35015e19c4b442b9af31f1dfd941f47f.r2.dev/receipts/uber_trip_2025-04-11_55_12.jpg
629,https://pub-35015e19c4b442b9af31f1dfd941f47f.r2.dev/receipts/kitcom_2025-04-12_318_28.jpg
630,https://pub-35015e19c4b442b9af31f1dfd941f47f.r2.dev/receipts/texas_bb_club_level_2025-04-12_49_34_3.jpg
631,https://pub-35015e19c4b442b9af31f1dfd941f47f.r2.dev/receipts/tstwhite_rhino_coffee_2025-04-12_11_27.jpg
632,https://pub-35015e19c4b442b9af31f1dfd941f47f.r2.dev/receipts/uber_trip_2025-04-12_19_41_3.jpg
633,https://pub-35015e19c4b442b9af31f1dfd941f47f.r2.dev/receipts/uber_trip_2025-04-12_18_82_3.jpg
634,https://pub-35015e19c4b442b9af31f1dfd941f47f.r2.dev/receipts/missing_receipt_mcr_04-13-2025_123ea198.jpg
635,https://pub-35015e19c4b442b9af31f1dfd941f47f.r2.dev/receipts/cursor_usage_mid_apr_2025-04-13_20_0.jpg
636,https://pub-35015e19c4b442b9af31f1dfd941f47f.r2.dev/receipts/dd_doordash_brothersp_2025-04-13_25_05_3.jpg
637,https://pub-35015e19c4b442b9af31f1dfd941f47f.r2.dev/receipts/NO_RECEIPT_NEEDED
638,https://pub-35015e19c4b442b9af31f1dfd941f47f.r2.dev/receipts/national_car_rental_2025-04-13_407_47.jpg
639,https://pub-35015e19c4b442b9af31f1dfd941f47f.r2.dev/receipts/sourcegraph_inc_2025-04-13_9_0.jpg
640,https://pub-35015e19c4b442b9af31f1dfd941f47f.r2.dev/receipts/uber_trip_2025-04-13_40_76.jpg
641,https://pub-35015e19c4b442b9af31f1dfd941f47f.r2.dev/receipts/cloudflare_2025-04-14_10_0.jpg
642,https://pub-35015e19c4b442b9af31f1dfd941f47f.r2.dev/receipts/uber_trip_2025-04-14_46_95_3.jpg
643,https://pub-35015e19c4b442b9af31f1dfd941f47f.r2.dev/receipts/INV301316873.jpg
644,https://pub-35015e19c4b442b9af31f1dfd941f47f.r2.dev/receipts/INV301316920.jpg
645,https://pub-35015e19c4b442b9af31f1dfd941f47f.r2.dev/receipts/INV301316952.jpg
646,https://pub-35015e19c4b442b9af31f1dfd941f47f.r2.dev/receipts/NO_RECEIPT_NEEDED
648,https://pub-35015e19c4b442b9af31f1dfd941f47f.r2.dev/receipts/NO_RECEIPT_NEEDED
649,https://pub-35015e19c4b442b9af31f1dfd941f47f.r2.dev/receipts/NO_RECEIPT_NEEDED
650,https://pub-35015e19c4b442b9af31f1dfd941f47f.r2.dev/receipts/hive_co_2025-04-21_199_2.jpg
651,https://pub-35015e19c4b442b9af31f1dfd941f47f.r2.dev/receipts/southwes_5262336286732_2025-04-21_934_95.jpg
652,https://pub-35015e19c4b442b9af31f1dfd941f47f.r2.dev/receipts/huggingface_2025-04-22_9_0.jpg
653,https://pub-35015e19c4b442b9af31f1dfd941f47f.r2.dev/receipts/NO_RECEIPT_NEEDED
654,https://pub-35015e19c4b442b9af31f1dfd941f47f.r2.dev/receipts/claudeai_subscription_2025-04-24_21_95.jpg
655,https://pub-35015e19c4b442b9af31f1dfd941f47f.r2.dev/receipts/cursor_usage_mid_apr_2025-04-24_20_0.jpg
656,https://pub-35015e19c4b442b9af31f1dfd941f47f.r2.dev/receipts/uber_trip_2025-04-24_181_67.jpg
657,https://pub-35015e19c4b442b9af31f1dfd941f47f.r2.dev/receipts/ls_the_best_hat_store_2025-04-25_389_57.jpg
658,https://pub-35015e19c4b442b9af31f1dfd941f47f.r2.dev/receipts/cowboy_channel_plus_2025-04-26_9_99_3.jpg
659,https://pub-35015e19c4b442b9af31f1dfd941f47f.r2.dev/receipts/missing_receipt_mcr_04-26-2025_8974fc59.jpg
660,https://pub-35015e19c4b442b9af31f1dfd941f47f.r2.dev/receipts/missing_receipt_mcr_04-27-2025_7562ca00.jpg
661,https://pub-35015e19c4b442b9af31f1dfd941f47f.r2.dev/receipts/moes_sw_grillmanchu_w_2025-04-27_17_94_3.jpg
662,https://pub-35015e19c4b442b9af31f1dfd941f47f.r2.dev/receipts/missing_receipt_mcr_04-27-2025_3dfc8a64.jpg
663,https://pub-35015e19c4b442b9af31f1dfd941f47f.r2.dev/receipts/uber_trip_2025-04-27_92_41.jpg
664,https://pub-35015e19c4b442b9af31f1dfd941f47f.r2.dev/receipts/hive_co_2025-04-28_1_96_3.jpg
665,https://pub-35015e19c4b442b9af31f1dfd941f47f.r2.dev/receipts/NO_RECEIPT_NEEDED
666,https://pub-35015e19c4b442b9af31f1dfd941f47f.r2.dev/receipts/cursor_usage_mid_apr_2025-04-29_20_00.jpg
667,https://pub-35015e19c4b442b9af31f1dfd941f47f.r2.dev/receipts/every_studio_2025-04-30_5_0.jpg
668,https://pub-35015e19c4b442b9af31f1dfd941f47f.r2.dev/receipts/midjourney_inc_2025-04-30_32_93.jpg
669,https://pub-35015e19c4b442b9af31f1dfd941f47f.r2.dev/receipts/sh_nashville_other_2025-04-30_62_28.jpg
670,https://pub-35015e19c4b442b9af31f1dfd941f47f.r2.dev/receipts/sh_nashville_other_2025-04-30_7_67.PNG
671,https://pub-35015e19c4b442b9af31f1dfd941f47f.r2.dev/receipts/sh_nashville_other_2025-04-30_7_79.PNG
672,https://pub-35015e19c4b442b9af31f1dfd941f47f.r2.dev/receipts/expensify_inc_2025-05-01_19_76_3.jpg
673,https://pub-35015e19c4b442b9af31f1dfd941f47f.r2.dev/receipts/5236551623.jpg
674,https://pub-35015e19c4b442b9af31f1dfd941f47f.r2.dev/receipts/anthropic_2025-05-02_54_9.jpg
675,https://pub-35015e19c4b442b9af31f1dfd941f47f.r2.dev/receipts/rentaltoll240384544_2025-05-02_23_33.jpg
676,https://pub-35015e19c4b442b9af31f1dfd941f47f.r2.dev/receipts/NO_RECEIPT_NEEDED
677,https://pub-35015e19c4b442b9af31f1dfd941f47f.r2.dev/receipts/NO_RECEIPT_NEEDED
678,https://pub-35015e19c4b442b9af31f1dfd941f47f.r2.dev/receipts/cursor_ai_powered_ide_2025-05-07_21_95.jpg
679,https://pub-35015e19c4b442b9af31f1dfd941f47f.r2.dev/receipts/cursor_usage_apr_2025-05-07_1_27_3.jpg
680,https://pub-35015e19c4b442b9af31f1dfd941f47f.r2.dev/receipts/easyfaqio_2025-05-07_4_0.jpg
681,https://pub-35015e19c4b442b9af31f1dfd941f47f.r2.dev/receipts/calendarbridge_2025-05-08_10_0.jpg
682,https://pub-35015e19c4b442b9af31f1dfd941f47f.r2.dev/receipts/spotify_usa_2025-05-08_13_13.jpg
683,https://pub-35015e19c4b442b9af31f1dfd941f47f.r2.dev/receipts/laz_parking_m32180_flowb_2025-05-09_7_38.jpg
684,https://pub-35015e19c4b442b9af31f1dfd941f47f.r2.dev/receipts/virgin_hotel_commons_2025-05-09_28_45.jpg
685,https://pub-35015e19c4b442b9af31f1dfd941f47f.r2.dev/receipts/vzwrlssprepaid_pymnt_2025-05-10_20_0.jpg
686,https://pub-35015e19c4b442b9af31f1dfd941f47f.r2.dev/receipts/pond5_2025-05-13_137_96_3.jpg
687,https://pub-35015e19c4b442b9af31f1dfd941f47f.r2.dev/receipts/sourcegraph_inc_2025-05-13_9_0.jpg
688,https://pub-35015e19c4b442b9af31f1dfd941f47f.r2.dev/receipts/taskade_2025-05-13_120_0.jpg
689,https://pub-35015e19c4b442b9af31f1dfd941f47f.r2.dev/receipts/cloudflare_2025-05-14_240_0.jpg
690,https://pub-35015e19c4b442b9af31f1dfd941f47f.r2.dev/receipts/cloudflare_2025-05-14_10_0.jpg
691,https://pub-35015e19c4b442b9af31f1dfd941f47f.r2.dev/receipts/responsive_menu_pro_4_2025-05-14_49_0.jpg
692,https://pub-35015e19c4b442b9af31f1dfd941f47f.r2.dev/receipts/retrosupply_2025-05-14_30_0.jpg
693,https://pub-35015e19c4b442b9af31f1dfd941f47f.r2.dev/receipts/sq_roseanna_sales_photog_2025-05-14_100_0.jpg
694,https://pub-35015e19c4b442b9af31f1dfd941f47f.r2.dev/receipts/aifyxercom_2025-05-15_60_0.jpg
695,https://pub-35015e19c4b442b9af31f1dfd941f47f.r2.dev/receipts/elementorcom_2025-05-15_54_86.jpg
696,https://pub-35015e19c4b442b9af31f1dfd941f47f.r2.dev/receipts/sp_myfonts_inc_2025-05-15_15_37.jpg
697,https://pub-35015e19c4b442b9af31f1dfd941f47f.r2.dev/receipts/NO_RECEIPT_NEEDED
698,https://pub-35015e19c4b442b9af31f1dfd941f47f.r2.dev/receipts/hive_co_2025-05-20_199_2.jpg
699,https://pub-35015e19c4b442b9af31f1dfd941f47f.r2.dev/receipts/taskade_2025-05-20_120_0.png
700,https://pub-35015e19c4b442b9af31f1dfd941f47f.r2.dev/receipts/cambria_hotel_nashville_d_2025-05-21_1745_83.png
701,https://pub-35015e19c4b442b9af31f1dfd941f47f.r2.dev/receipts/tstgreen_hills_grille_2025-05-21_266_27.jpg
702,https://pub-35015e19c4b442b9af31f1dfd941f47f.r2.dev/receipts/huggingface_2025-05-23_9_0.jpg
703,https://pub-35015e19c4b442b9af31f1dfd941f47f.r2.dev/receipts/claudeai_subscription_2025-05-24_21_95.jpg
704,https://pub-35015e19c4b442b9af31f1dfd941f47f.r2.dev/receipts/NO_RECEIPT_NEEDED
705,https://pub-35015e19c4b442b9af31f1dfd941f47f.r2.dev/receipts/cowboy_channel_plus_2025-05-26_9_99_3.jpg
706,https://pub-35015e19c4b442b9af31f1dfd941f47f.r2.dev/receipts/michaels_9490_2025-05-27_111_89.png
707,https://pub-35015e19c4b442b9af31f1dfd941f47f.r2.dev/receipts/hive_co_2025-05-28_741_04.jpg
708,https://pub-35015e19c4b442b9af31f1dfd941f47f.r2.dev/receipts/tst_tn731_cambria_na_2025-05-28_109_35.png
710,https://pub-35015e19c4b442b9af31f1dfd941f47f.r2.dev/receipts/every_studio_2025-05-30_5_0.jpg
711,https://pub-35015e19c4b442b9af31f1dfd941f47f.r2.dev/receipts/midjourney_inc_2025-05-30_32_93.jpg
712,https://pub-35015e19c4b442b9af31f1dfd941f47f.r2.dev/receipts/bestbuycom_2025-05-31_514_72.png
713,https://pub-35015e19c4b442b9af31f1dfd941f47f.r2.dev/receipts/dashlane_u_dashlane_p_2025-05-31_65_84_3.jpg
714,https://pub-35015e19c4b442b9af31f1dfd941f47f.r2.dev/receipts/NO_RECEIPT_NEEDED
715,https://pub-35015e19c4b442b9af31f1dfd941f47f.r2.dev/receipts/cambria_hotel_nashville_d_2025-06-01_384_14.jpg
716,https://pub-35015e19c4b442b9af31f1dfd941f47f.r2.dev/receipts/expensify_inc_2025-06-01_19_76_3.jpg
717,https://pub-35015e19c4b442b9af31f1dfd941f47f.r2.dev/receipts/google_gsuite_musicci_2025-06-01_244_87.jpg
718,https://pub-35015e19c4b442b9af31f1dfd941f47f.r2.dev/receipts/valet_tips_2025-06-01_11_5.jpg
719,https://pub-35015e19c4b442b9af31f1dfd941f47f.r2.dev/receipts/corner_pub_2025-06-04_79_25_3.jpg
720,https://pub-35015e19c4b442b9af31f1dfd941f47f.r2.dev/receipts/NO_RECEIPT_NEEDED
723,https://pub-35015e19c4b442b9af31f1dfd941f47f.r2.dev/receipts/easyfaqio_2025-06-07_4_0.jpg
724,https://pub-35015e19c4b442b9af31f1dfd941f47f.r2.dev/receipts/calendarbridge_2025-06-08_10_0.jpg
725,https://pub-35015e19c4b442b9af31f1dfd941f47f.r2.dev/receipts/cursor_usage_may_2025-06-08_55_84_3.jpg
726,https://pub-35015e19c4b442b9af31f1dfd941f47f.r2.dev/receipts/spotify_usa_2025-06-08_13_13_3.jpg
728,https://pub-35015e19c4b442b9af31f1dfd941f47f.r2.dev/receipts/NO_RECEIPT_NEEDED
729,https://pub-35015e19c4b442b9af31f1dfd941f47f.r2.dev/receipts/sourcegraph_inc_2025-06-13_9_0.jpg
730,https://pub-35015e19c4b442b9af31f1dfd941f47f.r2.dev/receipts/tstthe_flower_kitchen_2025-06-13_5_84.jpg
731,https://pub-35015e19c4b442b9af31f1dfd941f47f.r2.dev/receipts/cloudflare_2025-06-14_10_0.jpg
732,https://pub-35015e19c4b442b9af31f1dfd941f47f.r2.dev/receipts/NO_RECEIPT_NEEDED
733,https://pub-35015e19c4b442b9af31f1dfd941f47f.r2.dev/receipts/NO_RECEIPT_NEEDED
734,https://pub-35015e19c4b442b9af31f1dfd941f47f.r2.dev/receipts/NO_RECEIPT_NEEDED
735,https://pub-35015e19c4b442b9af31f1dfd941f47f.r2.dev/receipts/hive_co_2025-06-20_199_2.jpg
736,https://pub-35015e19c4b442b9af31f1dfd941f47f.r2.dev/receipts/holiday_parking_2025-06-21_15_0.jpg
737,https://pub-35015e19c4b442b9af31f1dfd941f47f.r2.dev/receipts/holiday_parking_2025-06-22_15_0.jpg
738,https://pub-35015e19c4b442b9af31f1dfd941f47f.r2.dev/receipts/claudeai_subscription_2025-06-24_21_95.jpg
739,https://pub-35015e19c4b442b9af31f1dfd941f47f.r2.dev/receipts/huggingface_2025-06-24_9_0.jpg
740,https://pub-35015e19c4b442b9af31f1dfd941f47f.r2.dev/receipts/cursor_usage_mid_jun_2025-06-25_109_84.jpg
741,https://pub-35015e19c4b442b9af31f1dfd941f47f.r2.dev/receipts/cowboy_channel_plus_2025-06-26_9_99_3.jpg
742,https://pub-35015e19c4b442b9af31f1dfd941f47f.r2.dev/receipts/pmc_paid_parking_2025-06-27_32_32.png
743,https://pub-35015e19c4b442b9af31f1dfd941f47f.r2.dev/receipts/hive_co_2025-06-28_1_81_3.jpg
744,https://pub-35015e19c4b442b9af31f1dfd941f47f.r2.dev/receipts/midjourney_inc_2025-06-30_32_93.jpg
745,https://pub-35015e19c4b442b9af31f1dfd941f47f.r2.dev/receipts/expensify_inc_2025-07-01_19_76_3.jpg
746,https://pub-35015e19c4b442b9af31f1dfd941f47f.r2.dev/receipts/NO_RECEIPT_NEEDED
747,https://pub-35015e19c4b442b9af31f1dfd941f47f.r2.dev/receipts/cursor_ai_powered_ide_2025-07-08_21_86.jpg
748,https://pub-35015e19c4b442b9af31f1dfd941f47f.r2.dev/receipts/mongodbcloud_brians_2025-07-08_37_67_3.jpg
749,https://pub-35015e19c4b442b9af31f1dfd941f47f.r2.dev/receipts/spotify_usa_2025-07-08_13_13_3.jpg
750,https://pub-35015e19c4b442b9af31f1dfd941f47f.r2.dev/receipts/uber_eats_2025-07-10_25_72.jpg
751,https://pub-35015e19c4b442b9af31f1dfd941f47f.r2.dev/receipts/every_studio_2025-07-11_5_0.jpg
752,https://pub-35015e19c4b442b9af31f1dfd941f47f.r2.dev/receipts/easyfaqio_2025-07-12_4_00.jpg
753,https://pub-35015e19c4b442b9af31f1dfd941f47f.r2.dev/receipts/cloudflare_2025-07-14_10_0.jpg
754,https://pub-35015e19c4b442b9af31f1dfd941f47f.r2.dev/receipts/NO_RECEIPT_NEEDED
755,https://pub-35015e19c4b442b9af31f1dfd941f47f.r2.dev/receipts/hive_co_2025-07-20_199_2.jpg
756,https://pub-35015e19c4b442b9af31f1dfd941f47f.r2.dev/receipts/NO_RECEIPT_NEEDED
757,https://pub-35015e19c4b442b9af31f1dfd941f47f.r2.dev/receipts/tstlemongrass_sushi_and_2025-07-21_75_56_3.jpg
758,https://pub-35015e19c4b442b9af31f1dfd941f47f.r2.dev/receipts/claudeai_subscription_2025-07-24_21_95.jpg
759,https://pub-35015e19c4b442b9af31f1dfd941f47f.r2.dev/receipts/vzwrlssetm_sct1456901_2025-07-24_23_45.jpg
760,https://pub-35015e19c4b442b9af31f1dfd941f47f.r2.dev/receipts/huggingface_2025-07-25_9_0.jpg
761,https://pub-35015e19c4b442b9af31f1dfd941f47f.r2.dev/receipts/cowboy_channel_plus_2025-07-26_9_99_3.jpg
762,https://pub-35015e19c4b442b9af31f1dfd941f47f.r2.dev/receipts/hive_co_2025-07-28_0_75_3.jpg
763,https://pub-35015e19c4b442b9af31f1dfd941f47f.r2.dev/receipts/every_studio_2025-07-30_5_0.jpg
764,https://pub-35015e19c4b442b9af31f1dfd941f47f.r2.dev/receipts/vzwrlssprepaid_pymnt_2025-07-30_20_0.jpg
765,https://pub-35015e19c4b442b9af31f1dfd941f47f.r2.dev/receipts/expensify_inc_2025-08-01_19_76_3.jpg
766,https://pub-35015e19c4b442b9af31f1dfd941f47f.r2.dev/receipts/mongodbcloud_brians_2025-08-02_30_16_3.jpg
767,https://pub-35015e19c4b442b9af31f1dfd941f47f.r2.dev/receipts/NO_RECEIPT_NEEDED
768,https://pub-35015e19c4b442b9af31f1dfd941f47f.r2.dev/receipts/NO_RECEIPT_NEEDED
769,https://pub-35015e19c4b442b9af31f1dfd941f47f.r2.dev/receipts/cursor_ai_powered_ide_2025-08-07_21_95.jpg
770,https://pub-35015e19c4b442b9af31f1dfd941f47f.r2.dev/receipts/easyfaqio_2025-08-07_4_00.jpg
771,https://pub-35015e19c4b442b9af31f1dfd941f47f.r2.dev/receipts/sodexo_at_belmont_univer_2025-08-08_49_25.jpg
772,https://pub-35015e19c4b442b9af31f1dfd941f47f.r2.dev/receipts/spotify_usa_2025-08-08_13_13_3.jpg
773,https://pub-35015e19c4b442b9af31f1dfd941f47f.r2.dev/receipts/pmc_paid_parking_2025-08-09_40_39_3.jpg
774,https://pub-35015e19c4b442b9af31f1dfd941f47f.r2.dev/receipts/NO_RECEIPT_NEEDED
775,https://pub-35015e19c4b442b9af31f1dfd941f47f.r2.dev/receipts/cloudflare_2025-08-14_10_00.jpg
776,https://pub-35015e19c4b442b9af31f1dfd941f47f.r2.dev/receipts/NO_RECEIPT_NEEDED
777,https://pub-35015e19c4b442b9af31f1dfd941f47f.r2.dev/receipts/NO_RECEIPT_NEEDED
778,https://pub-35015e19c4b442b9af31f1dfd941f47f.r2.dev/receipts/davinci_ai_2025-08-16_19_99.jpg
779,https://pub-35015e19c4b442b9af31f1dfd941f47f.r2.dev/receipts/hive_co_2025-08-20_199_2.jpg
780,https://pub-35015e19c4b442b9af31f1dfd941f47f.r2.dev/receipts/claudeai_subscription_2025-08-24_21_95.jpg
781,https://pub-35015e19c4b442b9af31f1dfd941f47f.r2.dev/receipts/cowboy_channel_plus_2025-08-26_9_99_3.jpg
782,https://pub-35015e19c4b442b9af31f1dfd941f47f.r2.dev/receipts/huggingface_2025-08-26_9_0.jpg
783,https://pub-35015e19c4b442b9af31f1dfd941f47f.r2.dev/receipts/missing_receipt_mcr_08-28-2025_24ea3a94.jpg
784,https://pub-35015e19c4b442b9af31f1dfd941f47f.r2.dev/receipts/ideogram_ai_2025-08-28_20_0.jpg
785,https://pub-35015e19c4b442b9af31f1dfd941f47f.r2.dev/receipts/every_studio_2025-08-30_5_0.jpg
786,https://pub-35015e19c4b442b9af31f1dfd941f47f.r2.dev/receipts/expensify_inc_2025-09-01_19_76_3.jpg
787,https://pub-35015e19c4b442b9af31f1dfd941f47f.r2.dev/receipts/NO_RECEIPT_NEEDED
788,https://pub-35015e19c4b442b9af31f1dfd941f47f.r2.dev/receipts/NO_RECEIPT_NEEDED
789,https://pub-35015e19c4b442b9af31f1dfd941f47f.r2.dev/receipts/NO_RECEIPT_NEEDED
790,https://pub-35015e19c4b442b9af31f1dfd941f47f.r2.dev/receipts/NO_RECEIPT_NEEDED
791,https://pub-35015e19c4b442b9af31f1dfd941f47f.r2.dev/receipts/ideogram_ai_2025-10-03_20_0.png
792,https://pub-35015e19c4b442b9af31f1dfd941f47f.r2.dev/receipts/anthropic_2025-10-04_5_68.png
793,https://pub-35015e19c4b442b9af31f1dfd941f47f.r2.dev/receipts/NO_RECEIPT_NEEDED
794,https://pub-35015e19c4b442b9af31f1dfd941f47f.r2.dev/receipts/NO_RECEIPT_NEEDED
795,https://pub-35015e19c4b442b9af31f1dfd941f47f.r2.dev/receipts/NO_RECEIPT_NEEDED
796,https://pub-35015e19c4b442b9af31f1dfd941f47f.r2.dev/receipts/clear_clearmecom_2025-10-21_334_0.jpg
797,https://pub-35015e19c4b442b9af31f1dfd941f47f.r2.dev/receipts/NO_RECEIPT_NEEDED
798,https://pub-35015e19c4b442b9af31f1dfd941f47f.r2.dev/receipts/NO_RECEIPT_NEEDED
799,https://pub-35015e19c4b442b9af31f1dfd941f47f.r2.dev/receipts/notion_labs_inc_2025-11-01_52_68.jpg
801,https://pub-35015e19c4b442b9af31f1dfd941f47f.r2.dev/receipts/pmc_paid_parking_2024-07-12_9_29.png
802,https://pub-35015e19c4b442b9af31f1dfd941f47f.r2.dev/receipts/metropolis_parking_2024-08-06_21_00.jpg
803,https://pub-35015e19c4b442b9af31f1dfd941f47f.r2.dev/receipts/im_adaai_2024-09-28_25_0.jpg
804,https://pub-35015e19c4b442b9af31f1dfd941f47f.r2.dev/receipts/pmc_paid_parking_2024-10-16_26_22.png
805,https://pub-35015e19c4b442b9af31f1dfd941f47f.r2.dev/receipts/im_adaai_2024-10-18_25_0.jpg
806,https://pub-35015e19c4b442b9af31f1dfd941f47f.r2.dev/receipts/im_adaai_2024-10-21_50_0.jpg
807,https://pub-35015e19c4b442b9af31f1dfd941f47f.r2.dev/receipts/hattiebs_2025-02-24_21_93.jpg
808,https://pub-35015e19c4b442b9af31f1dfd941f47f.r2.dev/receipts/NO_RECEIPT_NEEDED
809,https://pub-35015e19c4b442b9af31f1dfd941f47f.r2.dev/receipts/kitcom_2025-10-16_318_28.png
810,https://pub-35015e19c4b442b9af31f1dfd941f47f.r2.dev/receipts/NO_RECEIPT_NEEDED
811,https://pub-35015e19c4b442b9af31f1dfd941f47f.r2.dev/receipts/im_adaai_2024-09-28_25_0_2.jpg
812,https://pub-35015e19c4b442b9af31f1dfd941f47f.r2.dev/receipts/im_adaai_2024-09-28_25_0_3.jpg
813,https://pub-35015e19c4b442b9af31f1dfd941f47f.r2.dev/receipts/im_adaai_2024-10-18_25_0_2.jpg
814,https://pub-35015e19c4b442b9af31f1dfd941f47f.r2.dev/receipts/hattiebs_2025-02-24_21_93_2.jpg
815,https://pub-35015e19c4b442b9af31f1dfd941f47f.r2.dev/receipts/pmc_paid_parking_2024-07-12_9_29_2.png
816,https://pub-35015e19c4b442b9af31f1dfd941f47f.r2.dev/receipts/metropolis_parking_2024-08-06_21_0.jpg
817,https://pub-35015e19c4b442b9af31f1dfd941f47f.r2.dev/receipts/NO_RECEIPT_NEEDED
818,https://pub-35015e19c4b442b9af31f1dfd941f47f.r2.dev/receipts/pmc_paid_parking_2024-10-16_26_22_2.png
819,https://pub-35015e19c4b442b9af31f1dfd941f47f.r2.dev/receipts/im_adaai_2024-10-21_50_0_2.jpg
820,https://pub-35015e19c4b442b9af31f1dfd941f47f.r2.dev/receipts/NO_RECEIPT_NEEDED
821,https://pub-35015e19c4b442b9af31f1dfd941f47f.r2.dev/receipts/kitcom_2025-10-16_318_28_2.png
823,https://pub-35015e19c4b442b9af31f1dfd941f47f.r2.dev/receipts/receipt_19a2665bba37_att1.jpg
824,https://pub-35015e19c4b442b9af31f1dfd941f47f.r2.dev/receipts/receipt_198ec087021a_att1.jpg
825,"https://pub-35015e19c4b442b9af31f1dfd941f47f.r2.dev/receipts/Screenshot 2025-11-21 at 3.25.51 PM.png"
826,https://pub-35015e19c4b442b9af31f1dfd941f47f.r2.dev/receipts/IMG_2700.jpg
827,https://pub-35015e19c4b442b9af31f1dfd941f47f.r2.dev/receipts/belcourt_luke_ii_2024-10-23_6_73.jpg
